year,1,3,4,16,17,18,19,20,21,22,34,50,51,52,53,54,55,56,57,58,59,60,61,63,64,65,66,67,86,87,88,89,90,91,92,93,94,104,105,106,112,114,122,123,126,127,128,129,130,131,132,133,134,135,136,137,138,139,140,141,142,143,144,145,146,148,153,154,155,156,157,158,171,186,187,188,189,190,191,193,194,195,196,197,198,199,201,202,203,204,206,207,208,209,210,211,212,213,214,215,216,227,228,229,230,231,232,233,234,235,236,241,246,252,253,254,255,256,257,258,259,260,261,262,263,264,269,270,271,272,273,274,275,276,277,278,279,280,287,297,298,299,300,301,302,303,304,305,306,307,308,309,310,311,312,313,315,317,318,324,341,360,363,364,365,366,367,368,369,371,372,373,384,385,386,387,388,389,390,397,398,399,400,401,403,404,405,406,407,408,409,410,411,412,413,414,415,416,417,418,419,420,421,422,423,424,425,432,433,434,435,437,438,439,440,441,442,443,453,456,458,459,460,461,462,463,464,466,467,468,469,470,471,472,473,474,475,478,480,481,494,497,498,500,501,502,503,504,505,506,507,509,510,511,512,513,514,515,516,517,518,519,520,521,523,524,525,526,527,528,529,530,531,532,533,534,535,536,537,538,539,540,541,542,543,544,545,546,547,548,549,550,551,552,553,554,555,556,557,558,559,560,562,566,570,571,572,573,575,576,577,578,579,580,590,591,592,593,595,596,597,598,599,600,601,602,603,604,605,606,607,608,609,610,611,614,615,616,617,618,619,620,621,622,625,626,627,628,629,630,631,632,633,634,635,636,638,639,640,641,646,647,648,650,651,652,653,654,655,656,657,658,659,660,661,662,663,664,665,666,667,668,669,670,671,672,673,674,675,676,677,679,680,681,682,683,684,685,686,687,688,689,690,691,692,693,694,695,696,697,698,699,700,701,702,703,704,705,706,707,708,709,710,711,712,713,714,715,716,717,718,719,720,721,722,724,725
1949,0,0,0,0,0,0,0,0,0,0,0,0,0,0,0,0,0,0,0,0,0,0,0,0,0,0,0,0,0,0,0,0,0,0,0,0,0,0,0,0,0,0,0,0,0,0,0,0,0,0,0,0,0,0,0,0,0,0,0,0,0,0,0,0,0,0,0,0,0,0,0,0,0,0,0,0,0,0,0,0,0,0,0,0,0,0,0,0,0,0,0,0,0,0,0,0,0,0,0,0,0,0,0,0,0,0,0,0,0,0,0,0,0,0,0,0,0,0,0,0,0,0,0,0,0,0,0,0,0,0,0,0,0,0,0,0,0,0,0,0,0,0,0,0,0,0,0,0,0,0,0,0,0,0,0,0,0,0,0,0,0,0,0,0,3,0,0,0,0,2,0,0,0,0,0,0,0,0,0,0,0,0,0,0,0,0,0,0,0,0,0,0,0,0,0,0,0,0,0,0,0,0,0,0,0,0,0,0,0,0,0,0,0,0,0,0,0,0,0,0,0,0,0,0,0,0,0,0,0,0,0,0,0,0,0,0,0,0,0,0,0,0,0,0,0,0,0,0,0,0,0,0,0,0,0,0,0,0,0,0,0,0,0,0,0,0,0,0,0,0,0,0,0,0,0,0,0,0,0,0,0,0,0,0,0,0,0,0,0,0,0,0,0,0,0,0,0,0,0,0,0,0,0,0,0,0,0,0,0,0,0,0,0,0,0,0,0,0,0,0,0,0,0,0,0,0,0,0,0,0,0,0,0,0,0,0,0,0,0,0,0,0,0,0,0,0,0,0,0,0,0,0,0,0,0,0,0,0,0,0,0,0,0,0,0,0,0,0,0,0,0,0,0,0,0,0,0,0,0,0,0,0,0,0,0,0,0,0,0,0,0,0,0,0,0,0,0,0,0,0,0,0,0,0,0,0,0,0,0,0,0,0,0,0,0,0,0,0,0,0,0,0,0,0,0,0,0,0,0,0,0,0,0,0,0,0,0
1950,0,0,0,0,0,0,0,0,0,0,0,0,0,0,0,0,0,0,0,0,0,0,0,0,0,0,0,0,0,0,0,0,0,0,0,0,0,0,0,0,0,0,0,0,0,0,0,0,0,0,0,0,0,0,0,0,0,0,0,0,0,0,0,0,0,0,0,0,0,0,0,0,0,0,0,0,0,0,0,0,0,0,0,0,0,0,0,0,0,0,0,0,0,0,0,0,0,0,0,0,0,0,0,0,0,0,0,0,0,0,0,0,0,0,0,0,0,0,0,0,0,0,0,0,0,0,0,0,0,0,0,0,0,0,0,0,0,0,0,0,0,0,0,0,0,0,0,0,0,0,0,0,0,0,0,0,0,0,0,0,0,0,0,0,3,0,0,0,0,8,0,0,0,0,0,0,0,0,0,0,0,0,0,0,0,0,0,0,0,0,0,0,0,0,0,0,0,0,0,0,0,0,0,0,0,0,0,0,0,0,0,0,0,0,0,0,0,0,0,0,0,0,0,0,0,0,0,0,0,0,0,0,0,0,0,0,0,0,0,0,0,0,0,0,0,0,0,0,0,0,0,0,0,0,0,0,0,0,0,0,0,0,0,0,0,0,0,0,0,0,0,0,0,0,0,0,0,0,0,0,0,0,0,0,0,0,0,0,0,0,0,0,0,0,0,0,0,0,0,0,0,0,0,0,0,0,0,0,0,0,0,0,0,0,0,0,0,0,0,0,0,0,0,0,0,0,0,0,0,0,0,0,0,0,0,0,0,0,0,0,0,0,0,0,0,0,0,0,0,0,0,0,0,0,0,0,0,0,0,0,0,0,0,0,0,0,0,0,0,0,0,0,0,0,0,0,0,0,0,0,0,0,0,0,0,0,0,0,0,0,0,0,0,0,0,0,0,0,0,0,0,0,0,0,0,0,0,0,0,0,0,0,0,0,0,0,0,0,0,0,0,0,0,0,0,0,0,0,0,0,0,0,0,0,0,0,0
1953,0,0,0,0,0,0,0,0,0,0,0,0,0,0,0,0,0,0,0,0,0,0,0,0,0,0,0,0,0,0,0,0,0,0,0,0,0,0,0,0,0,0,0,0,0,0,0,0,0,0,0,0,0,0,0,0,0,0,0,0,0,0,0,0,0,0,0,0,0,0,0,0,0,0,0,0,0,0,0,0,0,0,0,0,0,0,0,0,0,0,0,0,0,0,0,0,0,0,0,0,0,0,0,0,0,0,0,0,0,0,0,0,0,0,0,0,0,0,0,0,0,0,0,0,0,0,0,0,0,0,0,0,0,0,0,0,0,0,0,0,0,0,0,0,0,0,0,0,0,0,0,0,0,0,0,0,0,0,0,0,0,0,0,0,3,1,0,0,0,11,0,0,0,0,0,0,0,0,0,0,0,0,0,0,0,0,0,0,0,0,0,0,0,0,0,0,0,0,0,0,0,0,0,0,0,0,0,0,0,0,0,0,0,0,0,0,0,0,0,0,0,0,0,0,0,0,0,0,0,0,0,0,0,0,0,0,0,0,0,0,0,0,0,0,0,0,0,0,0,0,0,0,0,0,0,0,0,0,0,0,0,0,0,0,0,0,0,0,0,0,0,0,0,0,0,0,0,0,0,0,0,0,0,0,0,0,0,0,0,0,0,0,0,0,0,0,0,0,0,0,0,0,0,0,0,0,0,0,0,0,0,0,0,0,0,0,0,0,0,0,0,0,0,0,0,0,0,0,0,0,0,0,0,0,0,0,0,0,0,0,0,0,0,0,0,0,0,0,0,0,0,0,0,0,0,0,0,0,0,0,0,0,0,0,0,0,0,0,0,0,0,0,0,0,0,0,0,0,0,0,0,0,0,0,0,0,0,0,0,0,0,0,0,0,0,0,0,0,0,0,0,0,0,0,0,0,0,0,0,0,0,0,0,0,0,0,0,0,0,0,0,0,0,0,0,0,0,0,0,0,0,0,0,0,0,0,0
1954,0,0,0,0,0,0,0,0,0,0,0,0,0,0,0,0,0,0,0,0,0,0,0,0,0,0,0,0,0,0,0,0,0,0,0,0,0,0,0,0,0,0,0,0,0,0,0,0,0,0,0,0,0,0,0,0,0,0,0,0,0,0,0,0,0,0,0,0,0,0,0,0,0,0,0,0,0,0,0,0,0,0,0,0,0,0,0,0,0,0,0,0,0,0,0,0,0,0,0,0,0,0,0,0,0,0,0,0,0,0,0,0,0,0,0,0,0,0,0,0,0,0,0,0,0,0,0,0,0,0,0,0,0,0,0,0,0,0,0,0,0,0,0,0,0,0,0,0,0,0,0,0,0,0,0,0,0,0,0,0,0,0,0,0,3,1,0,0,0,23,2,0,0,0,0,0,0,0,0,0,0,0,0,0,0,0,0,0,0,0,0,0,0,0,0,0,0,0,0,0,0,0,0,0,0,0,0,0,0,0,0,0,0,0,0,0,0,0,0,0,0,0,0,0,0,0,0,0,0,0,0,0,0,0,0,0,0,0,0,0,0,0,0,0,0,0,0,0,0,0,0,0,0,0,0,0,0,0,0,0,0,0,0,0,0,0,0,0,0,0,0,0,0,0,0,0,0,0,0,0,0,0,0,0,0,0,0,0,0,0,0,0,0,0,0,0,0,0,0,0,0,0,0,0,0,0,0,0,0,0,0,0,0,0,0,0,0,0,0,0,0,0,0,0,0,0,0,0,0,0,0,0,0,0,0,0,0,0,0,0,0,0,0,0,0,0,0,0,0,0,0,0,0,0,0,0,0,0,0,0,0,0,0,0,0,0,0,0,0,0,0,0,0,0,0,0,0,0,0,0,0,0,0,0,0,0,0,0,0,0,0,0,0,0,0,0,0,0,0,0,0,0,0,0,0,0,0,0,0,0,0,0,0,0,0,0,0,0,0,0,0,0,0,0,0,0,0,0,0,0,0,0,0,0,0,0,0
1955,0,0,0,0,0,0,0,0,0,0,0,0,0,0,0,0,0,0,0,0,0,0,0,0,0,0,0,0,0,0,0,0,0,0,0,0,0,0,0,0,0,0,0,0,0,0,0,0,0,0,0,0,0,0,0,0,0,0,0,0,0,0,0,0,0,0,0,0,0,0,0,0,0,0,0,0,0,0,0,0,0,0,0,0,0,0,0,0,0,0,0,0,0,0,0,0,0,0,0,0,0,0,0,0,0,0,0,0,0,0,0,0,0,0,0,0,0,0,0,0,0,0,0,0,0,0,0,0,0,0,0,0,0,0,0,0,0,0,0,0,0,0,0,0,0,0,0,0,0,0,0,0,0,0,0,0,0,0,0,0,0,0,0,0,4,1,0,0,0,44,8,0,0,0,0,0,0,0,0,0,0,0,0,0,0,0,0,0,0,0,0,0,0,0,0,0,0,0,0,0,0,0,0,0,0,0,0,0,0,0,0,0,0,0,0,0,0,0,0,0,0,0,0,0,0,0,0,0,0,0,0,0,0,0,0,0,0,0,0,0,0,1,0,0,0,0,0,0,0,0,0,0,0,0,0,0,0,0,0,0,0,0,0,0,0,0,0,0,0,0,0,0,0,0,0,0,0,0,0,0,0,0,0,0,0,0,0,0,0,0,0,0,0,0,0,0,0,0,0,0,0,0,0,0,0,0,0,0,0,0,0,0,0,0,0,0,0,0,0,0,0,0,0,0,0,0,0,0,0,0,0,0,0,0,0,0,0,0,0,0,0,0,0,0,0,0,0,0,0,0,0,0,0,0,0,0,0,0,0,0,0,0,0,0,0,0,0,0,0,0,0,0,0,0,0,0,0,0,0,0,0,0,0,0,0,0,0,0,0,0,0,0,0,0,0,0,0,0,0,0,0,0,0,0,0,0,0,0,0,0,0,0,0,0,0,0,0,0,0,0,0,0,0,0,0,0,0,0,0,0,0,0,0,0,0,0,0
1956,0,0,0,0,0,0,0,0,0,0,0,0,0,0,0,0,0,0,0,0,0,0,0,0,0,0,0,0,0,0,0,0,0,0,0,0,0,0,0,0,0,0,0,0,0,0,0,0,0,0,0,0,0,0,0,0,0,0,0,0,0,0,0,0,0,0,0,0,0,0,0,0,0,0,0,0,0,0,0,0,0,0,0,0,0,0,0,0,0,0,0,0,0,0,0,0,0,0,0,0,0,0,0,0,0,0,0,0,0,0,0,0,0,0,0,0,0,0,0,0,0,0,0,0,0,0,0,0,0,0,0,0,0,0,0,0,0,0,0,0,0,0,0,0,0,0,0,0,0,0,0,0,0,0,0,0,0,0,0,0,0,0,0,0,4,1,0,0,0,52,12,0,0,0,0,0,0,0,0,0,0,0,0,0,0,0,0,0,0,0,0,0,0,0,0,0,0,0,0,0,0,0,0,0,0,0,0,0,0,0,0,0,0,0,0,0,0,0,0,0,0,0,0,0,0,0,0,0,0,0,0,0,0,0,0,0,0,0,0,0,0,2,0,0,0,0,0,0,0,0,0,0,0,0,0,0,0,0,0,0,0,0,0,0,0,0,0,0,0,0,0,0,0,0,0,0,0,0,0,0,0,0,0,0,0,0,0,0,0,0,0,0,0,0,0,0,0,0,0,0,0,0,0,0,0,0,0,0,0,0,0,0,0,0,0,0,0,0,0,0,0,0,0,0,0,0,0,0,0,0,0,0,0,0,0,0,0,0,0,0,0,0,0,0,0,0,0,0,0,0,0,0,0,0,0,0,0,0,0,0,0,0,0,0,0,0,0,0,0,0,0,0,0,0,0,0,0,0,0,0,0,0,0,0,0,0,0,0,0,0,0,0,0,0,0,0,0,0,0,0,0,0,0,0,0,0,0,0,0,0,0,0,0,0,0,0,0,0,0,0,0,0,0,0,0,0,0,0,0,0,0,0,0,0,0,0,0
1957,0,0,0,0,0,0,0,0,0,0,0,0,0,0,0,0,0,0,0,0,0,0,0,0,0,0,0,0,0,0,0,0,0,0,0,0,0,0,0,0,0,0,0,0,0,0,0,0,0,0,0,0,0,0,0,0,0,0,0,0,0,0,0,0,0,0,0,0,0,0,0,0,0,0,0,0,0,0,0,0,0,0,0,0,0,0,0,0,0,0,0,0,0,0,0,0,0,0,0,0,0,0,0,0,0,0,0,0,0,0,0,0,0,0,0,0,0,0,0,0,0,0,0,0,0,0,0,0,0,0,0,0,0,0,0,0,0,0,0,0,0,0,0,3,0,0,0,0,0,0,0,0,0,0,0,0,0,0,0,0,0,0,0,0,4,2,0,1,0,58,24,0,0,0,0,0,0,0,0,0,0,0,0,0,0,0,0,0,0,0,0,0,0,0,0,0,0,0,0,0,0,0,0,0,0,0,0,0,0,0,0,0,0,0,0,0,0,0,0,0,0,0,0,0,0,0,0,0,0,0,0,0,0,0,0,0,0,0,0,0,0,2,0,0,0,0,0,0,0,0,0,0,0,0,0,0,0,0,0,0,0,0,0,0,0,0,0,0,0,0,0,0,0,0,0,0,0,0,0,0,0,0,0,0,0,0,0,0,0,0,0,0,0,0,0,0,0,0,0,0,0,0,0,0,0,0,0,0,0,0,0,0,0,0,0,0,0,0,0,0,0,0,0,0,0,0,0,0,0,0,0,0,0,0,0,0,0,0,0,0,0,0,0,0,0,0,0,0,0,0,0,0,0,0,0,0,0,0,0,0,0,0,0,0,0,0,0,0,0,0,0,0,0,0,0,0,0,0,0,0,0,0,0,0,0,0,0,0,0,0,0,0,0,0,0,0,0,0,0,0,0,0,0,0,0,0,0,0,0,0,0,0,0,0,0,0,0,0,0,0,0,0,0,0,0,0,0,0,0,0,0,0,0,0,0,0,0
1958,0,0,0,0,0,0,0,0,0,0,0,0,0,0,0,0,0,0,0,0,0,0,0,0,0,0,0,0,0,0,0,0,0,0,0,0,0,0,0,0,0,0,0,0,0,0,0,0,0,0,0,0,0,0,0,0,0,0,0,0,0,0,0,0,0,0,0,0,0,0,0,0,0,0,0,0,0,0,0,0,0,0,0,0,0,0,0,0,0,0,0,0,0,0,0,0,0,0,0,0,0,0,0,0,0,0,0,0,0,0,0,0,0,0,0,0,0,0,0,0,0,0,0,0,0,0,0,0,0,0,0,0,0,0,0,0,0,0,0,0,0,0,0,9,0,0,0,0,0,0,0,0,0,0,0,0,0,0,0,0,0,0,0,0,4,3,0,4,0,94,34,0,0,0,0,0,0,0,0,0,0,0,0,0,0,0,0,0,0,0,0,0,0,0,0,0,0,0,0,0,0,0,0,0,0,0,0,0,0,0,0,0,0,0,0,0,0,0,0,0,0,0,0,0,0,0,0,0,0,0,0,0,0,0,0,0,0,0,0,0,0,2,0,0,0,0,0,0,0,0,0,0,0,0,0,0,0,0,0,0,0,0,0,0,0,0,0,0,0,0,0,0,0,0,0,0,0,0,0,0,0,0,0,0,0,0,0,0,0,0,0,0,0,0,0,0,0,0,0,0,0,0,0,0,0,0,0,0,0,0,0,0,0,0,0,0,0,0,0,0,0,0,0,0,0,0,0,0,0,0,0,0,0,0,0,0,0,0,0,0,0,0,0,0,0,0,0,0,0,0,0,0,0,0,0,0,0,0,0,0,0,0,0,0,0,0,0,0,0,0,0,0,0,0,0,0,0,0,0,0,0,0,0,0,0,0,0,0,0,0,0,0,0,0,0,0,0,0,0,0,0,0,0,0,0,0,0,0,0,0,0,0,0,0,0,0,0,0,0,0,0,0,0,0,0,0,0,0,0,0,0,0,0,0,0,0,0
1959,0,0,0,0,0,0,0,0,0,0,0,0,0,0,0,0,0,0,0,0,0,0,0,0,0,0,0,0,0,0,0,0,0,0,0,0,0,0,0,0,0,0,0,0,0,0,0,0,0,0,0,0,0,0,0,0,0,0,0,0,0,0,0,0,0,0,0,0,0,0,0,0,0,0,0,0,0,0,0,0,0,0,0,0,0,0,0,0,0,0,0,0,0,0,0,0,0,0,0,0,0,0,0,0,0,0,0,0,0,0,0,0,0,0,0,0,0,0,0,0,0,0,0,0,0,0,0,0,0,0,0,0,0,0,0,0,0,0,0,0,0,0,0,9,0,0,0,0,0,0,0,0,0,0,0,0,0,0,0,0,0,0,0,0,4,4,0,4,0,96,35,0,0,0,0,0,0,0,0,0,0,0,0,0,0,0,0,0,0,0,0,0,0,0,0,0,0,0,0,0,0,0,0,0,0,0,0,0,0,0,0,0,0,0,0,0,0,0,0,0,0,0,0,0,0,0,0,0,0,0,0,0,0,0,0,0,0,0,0,0,0,2,0,0,0,0,0,0,0,0,0,0,0,0,0,0,0,0,0,0,0,0,0,0,0,0,0,0,0,0,0,0,0,0,0,0,0,0,0,0,0,0,0,0,0,0,0,0,0,0,0,0,0,0,0,0,0,0,0,0,0,0,0,0,0,0,0,0,0,0,0,0,0,0,0,0,0,0,0,0,0,0,0,0,0,0,0,0,0,0,0,0,0,0,0,0,0,0,0,0,0,0,0,0,0,0,0,0,0,0,0,0,0,0,0,0,0,0,0,0,0,0,0,0,0,0,0,0,0,0,0,0,0,0,0,0,0,0,0,0,0,0,0,0,0,0,0,0,0,0,0,0,0,0,0,0,0,0,0,0,0,0,0,0,0,0,0,0,0,0,0,0,0,0,0,0,0,0,0,0,0,0,0,0,0,0,0,0,0,0,0,0,0,0,0,0,0
1960,0,0,0,0,0,0,0,0,0,0,0,0,0,0,0,0,0,0,0,0,0,0,0,0,0,0,0,0,0,0,0,0,0,0,0,0,0,0,0,0,0,0,0,0,0,0,0,0,0,0,0,0,0,0,0,0,0,0,0,0,0,0,0,0,0,0,0,0,0,0,0,0,0,0,0,0,0,0,0,0,0,0,0,0,0,0,0,0,0,0,0,0,0,0,0,0,0,0,0,0,0,0,0,0,0,0,0,0,0,0,0,0,0,0,0,0,0,0,0,0,0,0,0,0,0,0,0,0,0,0,0,0,0,0,0,0,0,0,0,0,0,0,0,9,0,0,0,0,0,0,0,0,0,0,0,0,0,0,0,0,0,0,0,0,4,4,0,4,0,97,35,0,0,0,0,0,0,0,0,0,0,0,0,0,0,0,0,0,0,0,0,0,0,0,0,0,0,0,0,0,0,0,0,0,0,0,0,0,0,0,0,0,0,0,0,0,0,0,0,0,0,0,0,0,0,0,0,0,0,0,0,0,0,0,0,0,0,0,0,0,0,3,0,0,0,0,0,0,0,0,0,0,0,0,0,1,0,0,0,0,0,0,0,0,0,0,0,0,0,0,0,0,0,0,0,0,0,0,0,0,0,0,0,0,0,0,0,0,0,0,0,0,0,0,0,0,0,0,0,0,0,0,0,0,0,0,0,0,0,0,0,0,0,0,0,0,0,0,0,0,0,0,0,0,0,0,0,0,0,0,0,0,0,0,0,0,0,0,0,0,0,0,0,0,0,0,0,0,0,0,0,0,0,0,0,0,0,0,0,0,0,0,0,0,0,0,0,0,0,0,0,0,0,0,0,0,0,0,0,0,0,0,0,0,0,0,0,0,0,0,0,0,0,0,0,0,0,0,0,0,0,0,0,0,0,0,0,0,0,0,0,0,0,0,0,0,0,0,0,0,0,0,0,0,0,0,0,0,0,0,0,0,0,0,0,0,0
1961,0,0,0,0,0,0,0,0,0,0,0,0,0,0,0,0,0,0,0,0,0,0,0,0,0,0,0,0,0,0,0,0,0,0,0,0,0,0,0,0,0,0,0,0,0,0,0,0,0,0,0,0,0,0,0,0,0,0,0,0,0,0,0,0,0,0,0,0,0,0,0,0,0,0,0,0,0,0,0,0,0,0,0,0,0,0,0,0,0,0,0,0,0,0,0,0,0,0,0,0,0,0,0,0,0,0,0,0,0,0,0,0,0,0,0,0,0,0,0,0,0,0,0,0,0,0,0,0,0,0,0,0,0,0,0,0,0,0,0,0,0,0,0,9,0,0,0,0,0,0,0,0,0,0,0,0,0,0,0,0,0,0,0,0,4,4,0,4,0,114,36,2,0,0,0,0,0,0,0,0,0,0,0,0,0,0,0,0,0,0,0,0,0,0,0,0,0,0,0,0,0,0,0,0,0,0,0,0,0,0,0,0,0,0,0,0,0,0,0,0,0,0,0,0,0,0,0,0,0,0,0,0,0,0,0,0,0,0,0,0,0,4,0,0,0,0,0,0,0,0,0,0,0,0,0,2,0,0,0,0,0,0,0,0,0,0,0,0,0,0,0,0,0,0,0,0,0,0,0,0,0,0,0,0,0,0,0,0,0,0,0,0,0,0,0,0,0,0,0,0,0,0,0,0,0,0,0,0,0,0,0,0,0,0,0,0,0,0,0,0,0,0,0,0,0,0,0,0,0,0,0,0,0,0,0,0,0,0,0,0,0,0,0,0,0,0,0,0,0,0,0,0,0,0,0,0,0,0,0,0,0,0,0,0,0,0,0,0,0,0,0,0,0,0,0,0,0,0,0,0,0,0,0,0,0,0,0,0,0,0,0,0,0,0,0,0,0,0,0,0,0,0,0,0,0,0,0,0,0,0,0,0,0,0,0,0,0,0,0,0,0,0,0,0,0,0,0,0,0,0,0,0,0,0,0,0,0
1962,0,0,0,0,0,0,0,0,0,0,0,0,0,0,0,0,0,0,0,0,0,0,0,0,0,0,0,0,0,0,0,0,0,0,0,0,0,0,0,0,0,0,0,0,0,0,0,0,0,0,0,0,0,0,0,0,0,0,0,0,0,0,0,0,0,0,0,0,0,0,0,0,0,0,0,0,0,0,0,0,0,0,0,0,0,0,0,0,0,0,0,0,0,0,0,0,0,0,0,0,0,0,0,0,0,0,0,0,0,0,0,0,0,0,0,0,0,0,0,0,0,0,0,0,0,0,0,0,0,0,0,0,0,0,0,0,0,0,0,0,0,0,0,9,0,0,0,0,0,0,0,0,0,0,0,0,0,0,0,0,0,0,0,0,8,4,0,4,0,120,38,2,0,0,0,0,0,0,0,0,0,0,0,0,0,0,0,0,0,0,0,0,0,0,0,0,0,0,0,0,0,0,0,0,0,0,0,0,0,0,0,0,0,0,0,0,0,0,0,0,0,0,0,0,0,0,0,0,0,0,0,0,0,0,0,0,0,0,0,0,0,6,0,0,0,0,0,0,0,0,0,0,0,0,0,2,0,0,0,0,0,0,0,0,0,0,0,0,0,0,0,0,0,0,0,0,0,0,0,0,0,0,0,0,0,0,0,0,0,0,0,0,0,0,0,0,0,0,0,0,0,0,0,0,0,0,0,0,0,0,0,0,0,0,0,0,0,0,0,0,0,0,0,0,0,0,0,0,0,0,0,0,0,0,0,0,0,0,0,0,0,0,0,0,0,0,0,0,0,0,0,0,0,0,0,0,0,0,0,0,0,0,0,0,0,0,0,0,0,0,0,0,0,0,0,0,0,0,0,0,0,0,0,0,0,0,0,0,0,0,0,0,0,0,0,0,0,0,0,0,0,0,0,0,0,0,0,0,0,0,0,0,0,0,0,0,0,0,0,0,0,0,0,0,0,0,0,0,0,0,0,0,0,0,0,0,0
1963,0,0,0,0,0,0,0,0,0,0,0,0,0,0,0,0,0,0,0,0,0,0,0,0,0,0,0,0,0,0,0,0,0,0,0,0,0,0,0,0,0,0,0,0,0,0,0,0,0,0,0,0,0,0,0,0,0,0,0,0,0,0,0,0,0,0,0,0,0,0,0,0,0,0,0,0,0,0,0,0,0,0,0,0,0,0,0,0,0,0,0,0,0,0,0,0,0,0,0,0,0,0,0,0,0,0,0,0,0,0,0,0,0,0,0,0,0,0,0,0,0,0,0,0,0,0,0,0,0,0,0,0,0,0,0,0,0,0,0,0,0,0,0,10,0,0,0,0,0,0,0,0,0,0,0,0,0,0,0,0,0,0,0,0,9,4,2,4,0,125,38,5,0,0,0,0,0,0,0,0,0,0,0,0,0,0,0,0,0,0,0,0,0,0,0,0,0,0,0,0,0,0,0,0,0,0,0,0,0,0,0,0,0,0,0,0,0,0,0,0,0,0,0,0,0,0,0,0,0,0,0,0,0,0,0,0,0,0,0,0,0,10,0,0,0,0,0,0,0,0,0,0,0,0,0,2,0,0,0,0,0,0,0,0,1,0,0,0,0,0,0,0,0,0,0,0,0,0,0,0,0,0,0,0,0,0,0,0,0,0,0,0,0,0,0,0,0,0,0,0,0,0,0,0,0,0,0,0,0,0,0,0,0,0,0,0,0,0,0,0,0,0,0,0,0,0,0,0,0,0,0,0,0,0,0,0,0,0,0,0,0,0,0,0,0,0,0,0,0,0,0,0,0,0,0,0,0,0,0,0,0,0,0,0,0,0,0,0,0,0,0,0,0,0,0,0,0,0,0,0,0,0,0,0,0,0,0,0,0,0,0,0,0,0,0,0,0,0,0,0,0,0,0,0,0,0,0,0,0,0,0,0,0,0,0,0,0,0,0,0,0,0,0,0,0,0,0,0,35,0,0,0,0,0,0,0,0
1964,0,0,0,0,0,0,0,0,0,0,0,0,0,0,0,0,0,0,0,0,0,0,0,0,0,0,0,0,0,0,0,0,0,0,0,0,0,0,0,0,0,0,0,0,0,0,0,0,0,0,0,0,0,0,0,0,0,0,0,0,0,0,0,0,0,0,0,0,0,0,0,0,0,0,0,0,0,0,0,0,0,0,0,0,0,0,0,0,0,0,0,0,0,0,0,0,0,0,0,0,0,0,0,0,0,0,0,0,0,0,0,0,0,0,0,0,0,0,0,0,0,0,0,0,0,0,0,0,0,0,0,0,0,0,0,0,0,0,0,0,0,0,0,10,0,0,0,0,0,0,0,0,0,0,0,0,0,0,0,0,0,0,0,0,16,4,4,4,0,128,38,9,0,0,0,0,0,0,0,0,0,0,0,0,0,0,0,0,0,0,0,0,0,0,0,0,0,0,0,0,0,0,0,0,0,0,0,0,0,0,0,0,0,0,1,0,0,0,0,0,0,0,0,0,0,0,0,0,0,0,0,0,0,0,0,0,0,0,0,0,0,12,0,0,0,0,0,0,0,0,0,0,0,0,0,2,0,0,0,0,0,0,0,0,1,0,0,0,0,0,0,0,0,0,0,0,0,0,0,0,0,0,0,0,0,0,0,0,0,0,0,0,0,0,0,0,0,0,0,0,0,0,0,0,0,0,0,0,0,0,0,0,0,0,0,0,0,0,0,0,0,0,0,0,0,0,0,0,0,0,0,0,0,0,0,0,0,0,0,0,0,0,0,0,0,0,0,0,0,0,0,0,0,0,0,0,0,0,0,0,0,0,0,0,0,0,0,0,0,0,0,0,0,0,0,0,0,0,0,0,0,0,0,0,0,0,0,0,0,0,0,0,0,0,0,0,0,0,0,0,0,0,0,0,0,0,0,0,0,0,0,0,0,0,0,0,0,0,0,0,0,0,0,0,0,0,0,0,35,0,0,0,0,0,0,0,0
1965,2,0,0,0,0,0,0,0,0,0,0,0,0,0,0,0,0,0,0,0,0,0,0,0,0,0,0,0,0,0,0,0,0,0,0,0,0,0,0,0,0,0,0,0,0,0,0,0,0,0,0,0,0,0,0,0,0,0,0,0,0,0,0,0,0,0,0,0,0,0,0,0,0,0,0,0,0,0,0,0,0,0,0,0,0,0,0,0,0,0,0,0,0,0,0,0,0,0,0,0,0,0,0,0,0,0,0,0,0,0,0,0,0,0,0,0,0,0,0,0,0,0,0,0,0,0,0,0,0,0,0,0,0,0,0,0,0,0,0,0,0,0,0,10,0,0,0,0,0,0,0,0,0,0,0,0,0,0,0,0,0,0,0,0,16,7,5,4,0,132,38,12,0,0,0,0,0,0,0,0,0,0,0,0,0,0,0,0,0,1,0,0,0,0,0,0,0,0,0,0,0,0,0,0,0,0,0,0,0,0,0,0,0,0,1,0,0,0,0,0,0,0,0,0,0,0,0,0,0,0,0,0,0,0,0,0,0,0,0,0,0,12,0,0,0,0,0,0,0,0,0,0,0,0,0,3,0,0,0,0,0,0,0,0,1,0,0,0,0,0,0,0,0,0,0,0,0,0,0,0,0,0,0,0,0,0,0,0,0,0,0,0,0,0,0,0,0,0,0,0,0,0,0,0,0,0,0,0,0,0,0,0,0,0,0,0,0,0,0,0,0,0,0,0,0,0,0,0,0,0,0,0,0,0,0,0,0,0,0,0,0,0,0,0,0,0,0,0,0,0,0,0,0,0,0,0,0,0,0,0,0,0,0,0,0,0,0,0,0,0,0,0,0,0,0,0,0,0,0,0,0,0,0,0,0,0,0,0,0,0,0,0,0,0,0,0,0,0,0,0,0,0,0,0,0,0,0,0,0,0,0,0,0,0,0,0,0,0,0,0,0,0,0,0,0,0,0,0,35,0,0,0,0,0,0,0,0
1966,2,0,0,0,0,0,0,0,0,0,0,0,0,0,0,0,0,0,0,0,0,0,0,0,0,0,0,0,0,0,0,0,0,0,0,0,0,0,0,0,0,0,0,0,0,0,0,0,0,0,0,0,0,0,0,0,0,0,0,0,0,0,0,0,0,0,0,0,0,0,0,0,0,0,0,0,0,0,0,0,0,0,0,0,0,0,0,0,0,0,0,0,0,0,0,0,0,0,0,0,0,0,0,0,0,0,0,0,0,12,0,0,0,0,0,0,0,0,0,0,0,0,0,0,0,0,0,0,0,0,0,0,0,0,0,0,0,0,0,0,0,0,0,11,0,0,0,0,0,0,0,0,0,0,0,0,0,0,0,0,0,0,0,0,17,12,6,4,1,216,38,14,0,0,0,0,0,0,0,0,0,0,0,0,0,0,0,0,0,1,0,0,0,0,0,0,0,0,0,0,0,0,0,0,0,0,0,0,0,0,0,0,0,0,2,0,0,0,0,0,0,0,0,0,0,0,0,0,0,0,0,0,0,0,0,0,0,0,0,0,0,14,0,0,1,0,0,0,0,0,0,0,0,0,0,3,0,0,0,0,0,0,0,0,1,0,0,0,0,0,0,0,0,0,0,0,0,0,0,0,0,0,0,0,0,0,0,0,0,0,0,0,0,0,0,0,0,0,0,0,0,0,0,0,0,0,0,0,0,0,0,0,0,0,0,0,0,0,0,0,0,0,0,0,0,0,0,0,0,0,0,0,0,0,0,0,0,0,0,0,0,0,0,0,0,0,0,0,0,0,0,0,0,0,0,0,0,0,0,0,0,0,0,0,0,0,0,0,0,0,0,0,0,0,0,0,0,0,0,0,0,0,0,0,0,0,0,0,0,0,0,0,0,0,0,0,0,0,0,0,0,0,0,0,0,0,0,0,0,0,0,0,0,0,0,0,0,0,0,0,0,0,0,0,0,0,0,0,35,0,0,0,0,0,0,0,0
1967,2,0,0,0,0,0,0,0,0,0,0,0,0,0,0,0,0,0,0,0,0,0,0,0,0,0,0,0,0,0,0,0,0,0,0,0,0,0,0,0,0,0,0,0,0,0,0,0,0,0,0,0,0,0,0,0,0,0,0,0,0,0,0,0,0,0,0,0,0,0,0,0,0,0,0,0,0,0,0,0,0,0,0,0,0,0,0,0,0,0,0,0,0,0,0,0,0,0,0,0,0,0,0,0,0,0,0,0,0,16,0,0,0,0,0,0,0,0,0,0,0,0,0,0,0,0,0,0,0,0,0,0,0,0,0,0,0,0,0,0,0,0,0,12,0,0,0,0,0,0,0,0,0,0,0,0,0,0,0,0,0,0,0,0,18,16,6,4,1,223,38,23,0,0,0,0,0,0,0,0,0,0,0,0,0,0,0,0,0,1,0,0,0,0,0,0,0,0,0,0,0,0,0,0,0,0,0,0,0,0,0,0,0,0,2,0,0,0,0,0,0,0,0,0,0,0,0,0,0,0,0,0,0,0,0,0,0,0,0,0,0,15,0,0,1,0,0,0,0,0,0,0,0,0,0,3,0,0,0,0,0,0,0,0,1,0,0,0,0,0,0,0,0,0,0,0,0,0,0,0,0,0,0,0,0,0,0,0,0,0,0,0,0,0,0,0,0,0,0,0,0,0,0,0,0,0,0,0,0,0,0,0,0,0,0,0,0,0,0,0,0,0,0,0,0,0,0,0,0,0,0,0,0,0,0,0,0,0,0,0,0,0,0,0,0,0,0,0,0,0,0,0,0,0,0,0,0,0,0,0,0,0,0,0,0,0,0,0,0,0,0,0,0,0,0,0,0,0,0,0,0,0,0,0,0,0,0,0,0,0,0,0,0,0,0,0,0,0,0,0,0,0,0,0,0,0,0,0,0,0,0,0,0,0,0,0,0,0,0,0,0,0,0,0,0,0,0,0,35,0,0,0,0,0,0,0,0
1968,2,0,0,0,0,0,0,0,0,0,0,0,0,0,0,0,0,0,0,0,0,0,0,0,0,0,0,0,0,0,0,0,0,0,0,0,0,0,0,0,0,0,0,0,0,0,0,0,0,0,0,0,0,0,0,0,0,0,0,0,0,0,0,0,0,0,0,0,0,0,0,0,0,0,0,0,0,0,0,0,0,0,0,0,0,0,0,0,0,0,0,0,0,0,0,0,0,0,0,0,0,0,0,0,0,0,0,0,0,23,0,0,0,0,0,0,0,0,0,0,0,0,0,0,0,0,0,0,0,0,0,0,0,0,0,0,0,0,0,0,0,0,0,12,0,0,0,0,0,0,0,0,0,0,0,0,0,0,0,0,0,0,0,0,18,24,11,4,3,224,39,36,0,0,0,0,0,0,0,0,0,0,0,0,0,0,0,0,0,1,0,0,0,0,0,0,0,0,0,0,0,0,0,0,0,0,0,0,0,0,0,0,0,0,3,0,0,0,0,0,0,0,0,0,0,0,0,0,0,0,0,0,0,0,0,0,0,0,0,0,0,16,0,0,1,0,0,0,0,0,0,0,0,0,0,3,0,0,0,0,0,0,0,0,1,0,0,0,0,0,0,0,0,0,0,0,0,0,0,0,0,0,0,0,0,0,0,0,0,0,0,0,0,0,0,0,0,0,0,0,0,0,0,0,0,0,0,0,0,0,0,0,0,0,0,0,0,0,0,0,0,0,0,0,0,0,0,0,0,0,0,0,0,0,0,0,0,0,0,0,0,0,0,0,0,0,0,0,0,0,0,0,0,0,0,0,0,0,0,0,0,0,0,0,0,0,0,0,0,0,0,0,0,0,0,0,0,0,0,0,0,0,0,0,0,0,0,0,0,0,0,0,0,0,0,0,0,0,0,0,0,0,0,0,0,0,0,0,0,0,0,0,0,0,0,0,0,0,0,0,0,0,0,0,0,0,0,0,35,0,0,0,0,0,0,0,0
1969,2,0,0,0,0,0,0,0,0,0,0,0,0,0,0,0,0,0,0,0,0,0,0,0,0,0,0,0,0,0,0,0,0,0,0,0,0,1,0,0,0,0,0,0,0,0,0,0,0,0,0,0,0,0,0,0,0,0,0,0,0,0,0,0,0,0,0,0,0,0,0,0,0,0,0,0,0,0,0,0,0,0,0,0,0,0,0,0,0,0,0,0,0,0,0,0,0,0,0,0,0,0,0,0,0,0,0,0,12,36,0,0,0,0,0,0,0,0,0,0,0,0,0,0,0,0,0,0,0,0,0,0,0,0,0,0,0,0,0,0,0,0,0,12,0,0,0,0,0,0,0,0,0,0,0,0,0,0,0,0,0,0,0,0,19,24,11,4,3,253,39,37,0,0,0,0,0,0,0,0,0,0,0,0,0,0,0,0,0,1,0,0,1,0,3,0,0,0,1,0,0,0,0,0,0,0,0,0,0,0,0,0,0,0,4,0,0,0,0,0,0,0,0,0,0,0,0,0,0,0,2,0,0,0,2,0,0,0,0,0,0,17,0,0,1,0,0,0,2,0,0,0,0,0,0,3,0,0,0,0,0,0,0,0,2,0,0,0,0,0,0,0,0,0,0,0,0,0,0,0,0,0,0,0,0,0,0,0,0,0,0,0,0,0,0,0,0,0,0,0,0,0,0,0,0,0,0,0,0,0,0,0,0,0,0,0,0,0,0,0,0,1,0,0,0,0,0,0,0,0,0,0,0,0,0,0,0,0,0,0,0,0,0,0,0,0,0,0,0,0,0,0,0,0,0,0,0,0,0,0,0,0,0,0,0,0,0,0,0,0,0,0,0,0,0,0,0,0,0,0,0,0,0,0,0,0,0,0,0,0,0,0,0,0,0,0,0,0,0,0,0,0,0,0,0,0,0,0,0,0,0,0,0,0,0,0,0,0,0,0,0,0,0,0,0,0,0,0,35,0,0,0,0,0,0,0,0
1970,2,0,0,0,0,0,0,0,0,0,0,0,0,0,0,0,0,0,0,0,0,0,0,0,0,0,0,0,0,0,0,0,0,0,0,0,0,1,0,0,0,0,0,0,0,0,0,0,0,0,0,0,0,0,0,0,0,0,0,0,0,0,0,0,0,0,0,0,0,0,0,0,0,0,0,0,0,0,0,0,0,0,0,0,0,0,0,0,0,0,0,0,0,0,0,0,0,0,0,0,0,0,0,0,0,0,0,0,16,38,0,0,0,0,0,0,0,0,0,0,0,0,0,0,0,0,0,0,0,0,0,0,0,0,0,0,0,0,0,0,0,0,0,12,0,0,0,0,0,0,0,0,0,0,0,0,0,0,0,0,0,0,0,0,20,24,11,4,3,256,39,37,0,0,0,0,0,0,0,0,0,0,0,0,0,0,0,0,0,1,0,0,1,2,4,1,0,2,4,1,0,2,0,0,5,0,0,0,4,0,0,0,0,0,4,0,0,0,0,0,0,0,0,0,0,0,0,0,0,0,2,0,0,3,2,0,0,0,0,0,0,17,0,0,1,0,0,0,4,0,0,0,0,0,0,3,0,0,0,0,0,0,0,0,3,0,0,0,0,0,0,0,0,0,0,0,0,0,0,0,0,0,0,0,0,0,0,0,0,0,0,0,0,0,0,0,0,0,0,0,0,0,0,0,0,0,0,0,0,0,0,0,0,0,0,0,0,0,0,0,0,1,0,0,0,0,0,0,0,0,0,0,0,0,0,0,0,0,0,0,0,0,0,0,0,0,0,0,0,0,0,0,0,0,0,0,0,0,0,0,0,0,0,0,0,0,0,0,0,0,0,0,0,0,0,0,0,0,0,0,0,0,0,0,0,0,0,0,0,0,0,0,0,0,0,0,0,0,0,0,0,0,0,0,0,0,0,0,0,0,0,0,0,0,0,0,0,0,0,0,0,0,0,0,0,0,0,0,35,0,0,0,0,0,0,0,0
1971,2,0,0,0,0,0,0,0,0,0,0,0,0,0,0,0,0,0,0,0,0,0,0,0,0,0,0,0,0,0,0,0,0,0,0,0,0,1,0,0,0,0,0,0,0,0,0,0,0,0,0,0,0,0,0,0,0,0,0,0,0,0,0,0,0,0,0,0,0,0,0,0,0,0,0,0,0,0,0,0,0,0,0,0,0,0,0,0,0,0,0,0,0,0,0,0,0,0,0,0,0,0,0,0,0,0,0,0,16,39,0,0,0,0,0,0,0,0,0,0,0,0,0,0,0,0,0,0,0,0,0,0,0,0,0,0,0,0,0,0,0,0,0,12,0,0,0,0,0,0,0,0,0,0,0,0,0,0,0,0,0,0,0,0,20,27,11,4,3,260,39,37,0,0,0,0,0,0,0,0,0,0,0,0,0,0,2,0,0,1,0,0,1,2,9,1,0,14,6,3,0,3,0,0,16,0,0,0,9,0,0,0,0,0,4,0,0,0,0,0,0,0,0,0,0,0,0,0,0,0,2,0,0,3,6,0,0,0,0,0,0,17,0,0,1,0,0,0,4,0,0,0,0,0,0,3,0,0,0,0,0,0,0,0,4,0,0,0,0,0,0,0,0,0,0,0,0,0,0,0,0,0,0,0,0,0,0,0,0,0,0,0,0,0,0,0,0,0,0,0,0,0,0,0,0,0,0,0,0,0,0,0,0,0,0,0,0,0,0,0,0,1,0,0,0,0,0,0,0,0,0,0,0,0,0,0,0,0,0,0,0,0,0,0,0,0,0,0,0,0,0,0,0,0,0,0,0,0,0,0,0,0,0,0,0,0,0,0,0,0,0,0,0,0,0,0,0,0,0,0,0,0,0,0,0,0,0,0,0,0,0,0,0,0,0,0,0,0,0,0,0,0,0,0,0,0,0,0,0,0,0,0,0,0,0,0,0,0,0,0,0,0,0,0,0,0,0,0,35,0,0,0,0,0,0,0,0
1972,2,0,0,0,0,0,0,0,0,0,0,0,0,0,0,0,0,0,0,0,0,0,0,0,0,0,0,0,0,0,0,0,0,0,0,0,0,1,0,0,0,0,0,0,0,0,0,0,0,0,0,0,0,0,0,0,0,0,0,0,0,0,0,0,0,0,0,0,0,0,0,0,0,0,0,0,0,0,0,0,0,0,0,0,0,0,0,0,0,0,0,0,0,0,0,0,0,0,0,0,0,0,0,0,0,0,0,0,17,48,0,0,0,0,0,0,0,0,0,0,0,0,0,0,0,0,0,0,0,0,0,0,0,0,0,0,0,0,0,0,0,0,0,12,0,0,0,0,0,0,0,0,0,0,0,0,0,0,0,0,0,0,0,0,20,27,11,4,3,260,39,37,0,0,0,0,0,0,0,0,0,0,0,0,0,0,3,0,0,1,0,0,1,5,12,1,0,18,6,3,0,3,1,0,22,0,0,0,9,0,0,0,0,0,4,0,0,0,0,0,0,0,0,0,0,0,0,0,0,0,2,0,0,4,13,0,0,0,0,0,0,17,0,0,1,0,0,1,4,0,0,0,0,0,0,3,0,0,0,2,0,0,0,0,4,0,0,0,0,0,0,0,0,0,0,0,0,0,0,0,0,0,0,0,0,0,0,0,0,0,0,0,0,0,0,0,0,0,0,0,0,0,0,0,0,0,0,0,0,0,0,0,0,0,0,0,0,0,0,0,0,1,0,0,0,0,0,0,0,0,0,0,0,0,0,0,0,0,0,0,0,0,0,0,0,0,0,0,0,0,0,0,0,0,0,0,0,0,0,0,0,0,0,0,0,0,0,0,0,0,0,0,0,0,0,0,0,0,0,0,0,0,0,0,0,0,0,0,0,0,0,0,0,0,0,0,0,0,0,0,0,0,0,0,0,0,0,0,0,0,0,0,0,0,0,0,0,0,0,0,0,0,0,0,0,0,0,0,35,0,0,0,0,0,0,0,0
1973,2,0,0,0,0,0,0,0,0,0,0,0,0,0,0,0,0,0,0,0,0,0,0,0,0,0,0,0,0,0,0,0,0,0,0,0,0,1,0,0,0,0,0,0,0,0,0,0,0,0,0,0,0,0,0,0,0,0,0,0,0,0,0,0,0,0,0,0,0,0,0,0,0,0,0,0,0,0,0,0,0,0,0,0,0,0,0,0,0,0,0,0,0,0,0,0,0,0,0,0,0,0,0,0,0,0,0,0,17,48,0,0,0,0,0,0,0,0,0,0,0,0,0,0,0,0,0,0,0,0,0,0,0,0,0,0,0,0,0,0,0,0,0,12,0,0,0,0,0,0,0,0,0,0,0,0,0,0,0,0,0,0,3,0,20,27,11,4,3,260,39,37,0,0,0,0,0,0,0,0,0,0,0,0,0,0,11,0,0,1,0,0,1,6,14,1,0,27,8,4,0,5,4,1,26,0,0,0,17,0,0,0,0,0,4,0,0,0,0,0,0,0,0,0,0,0,0,0,0,0,13,0,0,4,25,0,0,0,0,0,0,18,0,0,1,0,0,1,6,0,0,0,0,0,0,3,0,0,0,2,0,0,0,0,4,0,0,0,0,0,0,0,0,0,0,0,0,0,0,0,0,0,0,0,0,0,0,0,0,0,0,0,0,0,0,0,0,0,0,0,0,0,0,0,0,0,0,0,0,0,0,0,0,0,0,0,0,0,0,0,0,1,0,0,0,0,0,0,0,0,0,0,0,0,0,0,0,0,0,0,0,0,0,0,0,0,0,0,0,0,0,0,0,0,0,0,0,0,0,0,0,0,0,0,0,0,0,0,0,0,0,0,0,0,0,0,0,0,0,0,0,0,0,0,0,0,0,0,0,0,0,0,0,0,0,0,0,0,0,0,0,0,0,0,0,0,0,0,0,0,0,0,0,0,0,0,0,0,0,0,0,0,0,0,0,0,0,0,35,0,0,0,0,0,0,0,0
1974,2,0,0,0,0,0,0,0,0,0,0,0,0,0,0,0,0,0,0,0,0,0,0,0,0,0,0,0,0,0,0,0,0,0,0,0,0,1,0,0,0,0,0,0,0,0,0,0,0,0,0,0,0,0,0,0,0,0,0,0,0,0,0,0,0,0,0,0,0,0,0,0,0,0,0,0,0,0,0,0,0,0,0,0,0,0,0,0,0,0,0,0,0,0,0,0,0,0,0,0,0,0,0,0,0,0,0,0,23,48,0,0,0,0,0,0,0,0,0,0,0,0,0,0,0,0,0,0,0,0,0,0,0,0,0,0,0,0,0,0,0,0,0,12,0,0,0,0,0,0,0,0,0,0,0,0,0,0,0,0,0,0,4,5,20,27,11,4,3,260,39,37,0,0,0,0,0,0,0,0,0,0,0,0,0,0,19,0,0,1,0,0,1,9,15,1,0,31,10,5,0,5,4,1,27,0,0,0,17,0,0,0,0,0,4,0,0,0,0,0,0,0,0,0,0,0,0,0,0,0,15,0,0,8,26,0,0,0,0,0,0,18,0,0,2,0,0,1,6,0,0,0,0,0,0,3,0,0,0,2,0,0,0,0,4,0,0,0,0,0,0,0,0,0,0,0,0,0,0,0,0,0,0,0,0,0,0,0,0,0,0,0,0,0,0,0,0,0,0,0,0,0,0,0,0,0,0,0,0,0,0,0,0,0,0,0,0,0,0,0,0,1,0,0,0,0,0,0,0,0,0,0,0,0,0,0,0,0,0,0,0,0,0,0,0,0,0,0,0,0,0,0,0,0,0,0,0,0,0,0,0,0,0,0,0,0,0,0,0,0,0,0,0,0,0,0,0,0,0,0,0,0,0,0,0,0,0,0,0,0,0,0,0,0,0,0,0,0,0,0,0,0,0,0,0,0,0,0,0,0,0,0,0,0,0,0,0,0,0,0,0,0,0,0,0,0,0,0,35,0,0,0,0,0,0,0,0
1975,2,0,0,0,0,0,0,0,0,0,0,0,0,0,0,0,0,0,0,0,0,0,0,0,0,0,0,0,0,0,0,0,0,0,0,0,0,1,0,0,0,0,0,0,0,0,0,0,0,0,0,0,0,0,0,0,0,0,0,0,0,0,0,0,0,0,0,0,0,0,0,0,0,0,0,0,0,0,0,0,0,0,0,0,0,0,0,0,0,0,0,0,0,0,0,0,0,0,0,0,0,0,0,0,0,0,0,0,23,54,0,0,0,0,0,0,0,0,0,0,0,0,0,0,0,0,0,0,0,0,0,0,0,0,0,0,0,0,0,0,0,0,0,12,0,0,0,0,0,0,0,0,0,0,0,0,0,0,0,0,0,0,4,10,20,27,11,4,3,260,39,37,0,0,0,0,0,0,0,0,0,0,0,0,0,3,19,0,0,1,0,0,1,10,16,1,0,35,12,5,1,6,5,2,30,1,0,0,17,0,0,0,0,0,4,0,0,0,0,0,0,0,0,0,0,0,0,0,0,0,15,0,0,9,26,0,0,0,0,0,0,18,0,0,2,0,0,1,14,0,0,0,0,0,0,3,0,0,0,2,0,0,0,0,4,0,0,0,0,0,0,0,0,0,0,0,0,0,0,0,0,0,0,0,0,0,0,0,0,0,0,0,0,0,0,0,0,0,0,0,0,0,0,0,0,0,0,0,0,0,0,0,0,0,0,0,0,0,0,0,0,1,0,0,0,0,0,0,0,0,0,0,0,0,0,0,0,0,0,0,0,0,0,0,0,0,0,0,0,0,0,0,0,0,0,0,0,0,0,0,0,0,0,0,0,0,0,0,0,0,0,0,0,0,0,0,0,0,0,0,0,0,0,0,0,0,0,0,0,0,0,0,0,0,0,0,0,0,0,0,0,0,0,0,0,0,0,0,0,0,0,0,0,0,0,0,0,0,0,0,0,0,0,0,0,0,0,0,35,0,0,0,0,0,0,0,0
1976,2,0,0,0,0,0,0,0,0,0,0,0,0,0,0,0,0,0,0,0,0,0,0,0,0,0,0,0,0,0,0,0,0,0,0,0,0,1,0,0,0,0,0,0,0,0,0,0,0,0,0,0,0,0,0,0,0,0,0,0,0,0,0,0,0,0,0,0,0,0,0,0,0,0,0,0,0,0,0,0,0,0,0,0,0,0,0,0,0,0,0,0,0,0,0,0,0,0,0,0,0,0,0,0,0,0,0,1,23,62,0,0,0,0,0,0,0,0,0,0,0,0,0,0,0,0,0,0,0,0,0,0,0,0,0,0,0,0,0,0,0,0,0,12,0,0,0,0,0,0,0,0,0,0,0,0,0,0,0,0,0,0,6,18,20,27,11,4,3,260,39,37,0,0,0,0,0,0,0,0,0,0,0,0,0,7,19,0,0,1,0,0,1,14,22,1,1,41,13,5,2,9,8,3,33,3,0,0,18,0,0,0,0,0,4,0,0,0,0,0,0,0,0,0,0,0,0,0,0,0,23,0,0,9,28,0,0,0,0,0,0,19,0,0,2,0,0,2,20,0,0,0,0,1,0,3,0,0,2,2,0,0,0,0,4,0,0,0,0,1,0,0,0,0,0,0,0,0,0,0,0,0,0,0,0,0,0,0,0,0,0,0,0,0,0,0,0,0,0,0,0,0,0,0,0,0,0,0,0,0,0,0,0,0,0,0,0,0,0,0,0,1,0,0,0,0,0,0,0,0,0,0,0,0,0,0,0,0,0,0,0,0,0,0,0,0,0,0,0,0,0,0,0,0,0,0,0,0,0,0,0,0,0,0,0,0,0,0,0,0,0,0,0,0,0,0,0,0,0,0,0,0,0,0,0,0,0,0,0,0,0,0,0,0,0,0,0,0,0,0,0,0,0,0,0,0,0,0,0,0,0,0,0,0,0,0,0,0,0,0,0,0,0,0,0,0,0,0,35,0,0,0,0,0,0,0,0
1977,2,0,7,0,0,0,0,0,0,0,0,0,0,0,0,0,0,0,0,0,0,0,0,0,0,0,0,0,0,0,0,0,0,0,0,0,0,1,0,0,0,0,0,0,0,0,0,0,0,0,0,0,0,0,0,0,0,0,0,0,0,0,0,0,0,0,0,0,0,0,0,0,0,0,0,0,0,0,0,0,0,0,0,0,0,0,0,0,0,0,0,0,0,0,0,0,0,0,0,0,0,1,0,0,0,0,0,1,24,64,0,0,0,0,0,0,0,0,0,0,0,0,0,0,0,0,0,0,0,0,0,0,0,0,0,0,0,0,0,0,0,0,0,12,0,0,0,0,0,0,0,0,0,0,0,0,0,0,0,0,0,0,6,26,20,27,11,4,3,260,39,37,0,0,0,0,0,0,0,0,0,0,0,0,0,7,22,0,0,1,0,0,1,18,22,1,1,42,13,6,3,9,10,3,38,4,0,0,19,0,0,0,0,0,4,0,0,19,2,23,0,0,0,0,0,0,0,0,0,0,31,0,2,9,29,0,0,0,0,0,0,19,0,0,2,0,0,3,26,0,0,0,0,1,0,3,0,0,2,2,0,0,0,0,4,0,0,0,0,1,0,0,0,0,0,0,0,0,0,0,0,0,0,0,0,0,0,0,0,0,0,0,0,0,0,0,0,0,0,0,0,0,0,0,0,0,0,0,0,0,0,0,0,0,0,0,0,0,0,0,0,1,0,0,0,0,0,0,0,0,0,0,0,0,0,0,0,0,0,0,0,0,0,0,0,0,0,0,0,0,0,0,0,0,0,0,0,0,0,0,0,0,0,0,0,0,0,0,0,0,0,0,0,0,0,0,0,0,0,0,0,0,0,0,0,0,0,0,0,0,0,0,0,0,0,0,0,0,0,0,0,0,0,0,0,0,0,0,0,0,0,0,0,0,0,0,0,0,0,0,0,0,0,0,0,0,0,0,35,0,0,0,0,0,0,0,0
1978,2,0,16,0,0,0,0,0,0,0,0,0,0,0,0,0,0,0,0,0,0,0,0,0,0,0,0,34,0,0,0,0,0,0,0,0,0,1,0,0,0,0,0,0,0,0,0,0,0,0,0,0,0,0,0,0,0,0,0,0,0,0,0,0,0,0,0,0,0,0,0,0,0,0,0,0,1,0,0,0,0,0,0,0,0,0,0,0,0,0,0,0,0,0,0,0,0,0,0,0,0,2,0,0,0,0,0,1,24,68,0,0,0,0,0,0,0,0,0,0,0,0,0,0,0,0,0,0,0,0,0,0,0,0,0,0,0,0,0,0,0,0,0,12,0,0,0,0,0,0,0,0,0,0,0,0,0,0,0,0,0,0,9,30,20,27,11,4,3,260,39,37,0,0,0,0,0,0,0,0,0,0,0,0,0,8,27,0,0,1,0,0,1,21,22,1,1,42,13,6,3,9,10,3,38,4,0,0,19,0,0,0,0,0,4,0,0,19,3,23,0,0,0,0,0,0,0,0,0,0,32,0,2,9,33,0,0,0,0,0,0,19,0,0,3,0,0,3,29,0,0,0,0,1,0,3,0,0,2,2,0,0,0,0,4,0,0,0,0,1,0,0,0,0,0,0,0,0,0,0,0,0,0,0,0,0,0,0,0,0,0,0,0,0,0,0,0,0,0,0,0,0,0,0,0,0,0,0,0,0,0,0,0,0,0,0,0,0,0,0,0,1,0,0,0,0,0,0,0,0,0,0,0,0,0,0,0,0,0,0,0,0,0,0,0,0,0,0,0,0,0,2,0,0,0,0,0,0,0,0,0,0,0,0,0,0,0,0,0,0,0,0,0,0,0,0,0,0,0,0,0,0,0,0,0,0,0,0,0,0,0,0,0,0,0,0,0,0,0,0,0,0,0,0,0,0,0,0,0,0,0,0,0,0,0,0,0,0,0,0,0,0,0,0,0,0,0,0,35,0,0,0,0,0,0,0,0
1979,2,0,28,0,0,0,0,0,0,0,0,0,0,0,0,0,0,0,0,0,0,0,0,0,0,0,0,53,0,0,0,0,0,0,0,0,0,1,0,0,0,0,0,0,0,0,0,0,19,0,0,0,0,0,0,0,0,0,0,0,0,8,0,0,0,0,0,0,0,0,0,0,0,1,0,0,3,0,0,0,0,0,0,0,0,0,0,0,0,0,0,0,0,0,0,0,0,0,0,0,0,2,0,0,0,0,0,1,24,68,0,0,0,0,0,0,0,0,0,0,0,0,0,0,0,0,0,0,0,0,0,0,0,0,0,0,0,0,0,0,0,0,0,12,0,0,0,0,0,0,0,0,0,0,0,0,0,0,0,0,0,0,9,30,20,27,11,4,3,260,39,37,0,0,0,0,0,0,15,0,0,0,0,0,0,8,30,0,0,1,0,0,1,21,22,1,1,42,13,6,3,9,10,3,38,4,0,0,19,0,0,0,0,0,4,0,0,19,4,23,0,0,0,0,0,0,0,0,0,0,34,0,2,9,33,0,0,0,0,0,0,19,0,0,3,0,0,3,30,0,0,0,0,1,0,3,0,0,2,2,0,0,0,0,4,0,0,0,0,1,0,0,0,0,0,0,0,0,0,0,0,0,0,0,0,0,0,0,0,0,0,0,0,0,0,0,0,0,0,0,0,0,0,0,0,0,0,0,0,0,0,0,0,0,0,0,0,0,0,0,0,1,0,0,0,0,0,0,0,0,0,0,0,0,0,0,0,0,0,0,0,0,0,0,0,0,0,0,0,0,0,4,0,0,0,0,0,0,0,0,0,0,0,0,0,3,0,0,0,0,0,0,0,0,0,0,0,0,0,0,0,6,0,0,0,0,0,0,0,0,0,0,0,0,0,0,0,0,0,0,0,0,0,0,0,0,0,0,0,0,0,0,0,0,0,0,0,0,0,0,0,0,0,0,0,0,0,0,35,0,0,0,0,0,0,0,0
1980,2,0,32,0,0,0,1,0,0,0,0,0,0,0,0,0,0,0,0,0,0,0,0,0,0,0,0,70,0,0,0,0,0,0,0,0,0,1,0,0,0,0,0,0,0,0,0,0,24,0,0,0,0,0,0,0,0,0,0,0,0,8,0,0,0,0,0,0,0,0,0,0,0,1,0,0,3,0,0,0,0,0,0,0,0,0,0,0,0,0,0,0,0,0,0,0,0,0,0,0,0,2,0,0,0,0,0,2,40,79,0,0,0,0,0,0,0,0,0,0,0,0,0,0,0,0,0,0,0,0,0,0,0,0,0,0,0,0,0,0,0,0,0,12,0,0,0,0,0,0,0,0,0,0,0,0,0,0,0,0,0,0,9,30,20,27,11,4,3,260,39,37,0,0,0,0,0,0,20,0,0,0,0,0,0,8,31,0,0,1,0,0,1,21,22,1,1,42,13,6,3,9,10,3,38,4,0,0,19,0,0,0,0,0,4,0,0,20,5,23,0,0,0,0,0,0,0,0,0,0,37,0,2,9,50,0,0,0,0,0,0,20,1,0,3,0,0,5,30,0,0,0,0,2,0,3,0,0,3,2,0,0,0,0,4,0,0,0,0,1,0,0,0,0,1,0,0,0,0,0,0,0,0,0,0,0,0,0,0,0,0,0,0,0,0,0,0,0,0,0,0,0,0,0,0,0,0,0,0,0,0,0,0,0,0,0,0,0,0,0,0,1,0,0,0,0,0,0,0,0,0,0,0,0,0,0,0,0,0,0,0,0,0,0,0,0,0,0,0,0,0,10,0,0,0,0,0,0,0,0,0,0,0,0,0,6,0,0,0,0,0,0,0,0,0,0,0,0,0,0,0,9,0,0,0,0,0,0,0,0,0,0,0,0,0,0,0,0,0,0,0,0,0,0,0,0,0,0,0,0,0,0,0,0,0,0,0,0,0,0,0,0,0,0,0,0,0,0,35,0,0,0,0,0,0,0,0
1981,2,0,36,0,0,0,1,0,0,0,0,0,0,0,0,0,0,0,0,0,0,0,0,0,0,0,0,85,0,0,0,0,0,0,0,0,0,1,0,0,0,0,0,0,0,0,0,0,30,0,0,0,0,0,0,0,0,0,0,0,0,8,0,0,0,0,0,0,0,0,0,0,0,1,0,0,6,0,0,0,0,0,0,0,0,0,0,0,0,0,0,0,0,0,0,0,0,0,0,0,0,2,0,0,0,0,0,2,42,79,0,0,0,0,0,0,0,0,0,0,0,0,0,0,0,0,0,0,0,0,0,0,0,0,0,0,0,0,0,0,0,0,0,12,0,0,0,0,0,0,0,0,0,0,0,0,0,0,0,0,0,0,9,30,20,27,11,4,3,260,39,37,0,0,0,0,0,0,26,0,0,0,0,0,0,8,31,0,0,1,0,0,1,21,22,1,1,42,13,6,3,9,10,3,38,4,0,0,19,0,0,0,0,0,4,0,0,29,8,36,0,0,0,0,0,0,0,0,0,0,46,0,3,9,51,0,0,0,0,0,0,23,1,0,3,0,0,5,32,0,0,0,0,2,0,3,0,0,3,2,0,0,0,0,4,0,0,0,0,1,0,0,0,0,4,0,0,0,0,0,0,0,0,0,0,0,0,0,0,0,0,0,0,0,0,0,0,0,0,0,0,0,0,0,0,0,0,0,0,0,0,0,0,0,0,0,0,0,0,0,0,1,0,0,0,0,0,0,0,0,0,0,0,0,0,0,0,0,0,0,0,0,0,0,0,0,0,0,0,0,0,13,0,0,0,0,0,0,0,0,0,0,0,0,0,6,0,0,0,0,0,0,0,0,0,0,0,0,0,0,0,9,0,0,0,0,0,0,0,0,0,0,0,0,0,0,0,0,0,0,0,0,0,0,0,0,0,0,0,0,0,0,0,0,0,0,0,0,0,0,0,0,0,0,0,0,0,0,35,0,0,0,0,0,0,0,0
1982,2,0,38,0,0,0,1,0,3,0,0,0,0,0,0,0,0,0,0,0,0,0,0,0,0,0,0,95,0,0,0,0,0,0,0,0,0,1,0,0,0,0,0,0,0,0,0,0,33,0,0,0,0,0,0,0,0,0,0,0,0,8,0,0,0,0,0,0,0,0,0,0,0,1,0,0,6,0,0,0,0,0,0,0,0,0,0,0,0,0,0,0,0,0,0,0,0,0,0,0,0,2,0,0,0,0,0,2,42,79,0,0,0,0,0,0,0,0,0,0,0,0,0,0,0,0,0,0,0,0,0,0,0,0,0,0,0,0,0,0,0,0,0,12,0,0,0,0,0,0,0,0,0,0,0,0,0,0,0,0,0,0,12,30,20,27,11,4,3,260,39,37,0,0,0,0,0,0,43,0,0,0,0,0,0,8,32,0,0,1,0,0,1,21,22,1,1,42,13,6,3,9,10,3,38,4,0,0,19,0,0,0,0,0,4,0,0,39,29,37,0,0,0,0,0,0,0,0,0,0,50,0,5,9,52,0,0,0,0,0,0,23,1,0,3,0,0,6,32,0,0,0,0,2,0,3,0,0,4,2,0,0,0,0,4,0,0,0,0,1,0,0,0,0,5,0,0,0,0,0,0,0,0,0,0,0,0,0,0,0,0,0,0,0,0,0,0,0,0,0,0,0,0,0,0,0,0,0,0,0,0,0,0,0,0,0,0,0,0,0,0,1,0,0,0,0,0,0,0,0,0,0,0,0,0,0,0,0,0,0,0,0,0,0,0,0,0,0,0,0,0,16,0,0,0,0,0,0,0,0,0,0,0,0,0,8,0,0,0,0,0,0,0,0,0,0,0,0,0,0,0,9,0,0,0,0,0,0,0,0,0,0,0,0,0,0,0,0,0,0,0,0,0,0,0,0,0,0,0,0,0,0,0,0,0,0,0,0,0,0,0,0,0,0,0,0,0,0,35,0,0,0,0,0,0,0,0
1983,4,0,39,0,0,0,1,0,3,0,0,0,0,0,0,0,0,0,0,0,0,0,0,0,0,0,0,110,0,0,0,0,0,0,0,0,0,1,0,0,0,0,0,0,0,0,0,0,40,0,0,0,0,0,0,0,0,0,0,0,0,10,0,0,0,0,0,0,0,0,0,0,0,1,0,0,7,0,0,0,0,0,0,0,0,0,0,0,0,0,0,0,0,0,0,0,0,0,0,0,0,2,0,0,0,0,0,3,47,82,0,0,0,0,0,0,0,0,0,0,0,0,0,0,0,0,0,0,0,0,0,0,0,0,0,0,0,0,0,0,0,0,0,12,0,0,0,0,0,0,0,0,0,0,0,0,0,0,0,0,0,0,12,30,20,27,11,4,3,260,39,37,0,0,0,0,0,0,51,0,0,0,0,0,0,8,32,0,0,1,0,0,1,21,22,1,1,42,13,6,3,9,10,3,38,4,0,0,19,0,0,0,0,0,4,0,0,40,29,37,0,0,0,0,0,0,0,0,0,4,55,0,5,9,52,0,0,0,0,0,0,23,1,0,3,0,0,6,37,0,0,0,0,2,0,3,0,0,4,2,0,0,0,0,4,1,0,0,0,1,0,0,0,1,5,0,0,0,0,0,0,0,0,0,0,0,0,0,0,0,0,0,0,0,0,0,0,0,0,0,0,0,0,0,0,0,0,0,0,0,0,0,0,0,0,0,0,0,0,0,0,1,0,0,0,0,0,0,0,0,0,0,0,0,0,0,0,0,0,0,0,0,0,0,0,0,0,0,0,0,0,18,0,4,0,0,0,0,0,0,0,0,0,0,0,8,0,0,0,0,0,0,0,0,0,0,5,0,0,0,0,9,0,0,0,0,0,0,0,0,0,0,0,0,0,0,0,0,0,0,0,0,0,0,0,0,0,0,0,0,0,0,0,0,0,0,0,0,0,0,0,0,0,0,0,0,0,0,35,0,0,0,0,0,0,0,0
1984,6,0,39,0,0,0,1,0,5,0,0,0,0,0,0,0,0,0,0,0,0,0,0,0,0,0,0,127,0,0,0,0,0,0,0,0,0,1,0,0,0,0,0,0,0,0,0,0,49,0,0,0,0,0,0,0,0,0,0,0,0,10,0,0,0,0,0,0,0,0,0,0,0,1,2,0,7,0,0,0,0,0,0,0,0,6,0,1,0,0,0,0,0,0,0,0,0,0,0,0,0,2,0,0,0,0,0,3,47,82,0,0,0,0,0,0,0,0,0,0,0,0,0,0,0,0,0,0,0,0,0,0,0,0,0,0,0,0,0,0,0,0,0,12,0,0,0,0,0,0,0,0,0,0,0,0,0,0,0,0,0,0,12,30,20,27,11,4,3,260,39,37,0,0,0,0,0,0,61,0,0,0,0,0,0,8,32,0,0,1,0,0,1,21,22,1,1,42,13,6,3,9,10,3,38,4,0,0,19,0,0,0,0,0,4,0,0,52,34,38,0,0,0,0,0,0,0,0,0,4,60,0,5,9,53,0,0,0,0,0,0,23,2,0,4,0,0,8,44,0,0,0,0,2,0,3,0,0,4,2,0,0,0,0,4,1,0,0,0,1,0,0,0,1,6,0,0,0,0,0,0,0,0,0,0,0,0,0,0,0,0,0,0,0,0,0,0,0,0,0,0,0,0,0,0,0,0,0,0,0,0,0,0,0,0,0,0,0,0,0,0,1,0,0,0,0,0,0,0,0,0,0,0,0,0,0,0,0,0,0,0,0,0,0,0,0,0,0,0,0,0,24,0,6,0,0,0,0,0,0,0,0,0,0,0,8,0,0,0,0,0,0,0,0,0,0,7,0,0,0,0,9,0,0,0,0,0,0,0,0,0,0,0,0,0,0,0,0,0,0,0,0,0,0,0,0,0,0,0,0,0,0,0,0,0,0,0,0,0,0,0,0,0,0,0,0,0,0,35,0,0,0,0,0,0,0,0
1985,9,0,39,0,0,0,1,0,5,0,0,0,0,0,0,0,0,0,0,0,0,0,0,0,0,0,0,153,0,0,0,0,0,0,0,0,0,1,0,0,0,0,0,0,0,0,0,0,64,0,0,0,0,0,0,0,0,0,0,0,0,10,0,0,0,0,0,0,0,0,0,0,0,1,3,0,7,0,0,0,0,0,0,0,0,7,0,2,0,0,0,0,0,0,0,0,0,0,0,0,0,2,0,1,0,0,0,3,49,86,0,0,0,0,0,0,0,0,0,0,0,0,0,0,0,0,0,0,0,0,0,0,0,0,0,0,0,0,0,0,0,0,0,12,0,0,0,0,0,0,0,0,0,0,0,0,0,0,0,0,0,0,12,30,20,27,11,4,3,260,39,37,0,0,0,0,0,0,78,0,0,0,0,0,0,8,32,0,0,1,0,0,1,21,22,1,1,42,13,6,3,9,10,3,38,4,0,0,19,0,0,0,0,0,4,0,0,58,42,40,0,0,0,0,0,0,0,2,23,5,62,0,6,9,55,0,0,0,0,0,0,24,2,0,4,0,0,14,47,0,2,0,1,2,0,3,0,0,17,2,0,0,0,0,4,6,10,0,0,1,0,0,0,3,7,3,0,0,0,0,0,0,0,0,0,0,0,0,0,0,0,0,0,0,0,0,0,0,0,0,0,0,0,0,0,0,0,0,0,0,0,0,0,0,0,0,0,0,0,0,0,1,0,0,0,0,0,0,0,0,0,0,0,0,0,0,0,0,0,0,0,0,0,0,0,0,0,0,0,0,0,31,0,6,0,0,0,0,0,0,0,0,0,0,0,8,0,0,0,0,0,0,0,0,0,0,7,0,0,0,0,9,0,0,0,0,0,0,0,0,0,0,0,0,0,0,0,0,0,0,0,0,0,0,0,0,0,0,0,0,0,0,0,0,0,0,0,0,0,0,0,0,0,0,0,0,0,0,35,0,0,0,0,0,0,0,0
1986,16,0,39,0,0,0,1,0,7,0,0,0,0,0,0,0,0,0,0,0,0,0,0,0,0,0,0,179,0,0,0,0,0,0,0,0,0,1,0,0,0,0,0,0,0,0,0,0,80,0,0,0,0,0,0,0,0,0,0,0,0,11,0,0,0,0,0,0,0,0,0,0,0,1,4,0,7,0,0,0,0,0,0,0,0,11,0,2,0,0,0,0,0,0,0,0,0,0,0,0,0,4,0,1,0,0,0,3,52,86,0,0,0,0,0,0,0,0,0,0,0,0,0,0,0,0,0,0,0,0,0,0,0,0,0,3,0,0,0,0,0,0,0,12,0,0,0,0,0,0,0,0,0,0,0,0,0,0,0,0,0,0,12,30,20,27,11,4,3,260,39,37,0,0,0,0,0,0,85,0,0,0,0,0,0,8,32,0,0,1,0,0,1,21,22,1,1,42,13,6,3,9,10,3,38,4,0,0,19,0,0,0,0,0,4,0,0,73,43,42,0,0,0,0,0,0,0,2,30,5,65,0,7,9,71,0,0,0,0,0,0,24,2,0,4,0,0,17,50,0,4,0,1,2,0,3,0,0,35,2,0,0,0,0,4,7,13,0,0,1,0,0,0,4,9,5,0,0,0,0,0,0,0,0,0,0,0,0,0,0,0,0,0,0,0,0,0,0,0,0,0,0,0,0,0,0,0,0,0,0,0,0,0,0,0,0,0,0,0,0,0,1,0,0,0,0,0,0,0,0,0,0,0,0,0,0,0,0,0,0,0,0,0,0,0,0,0,0,0,0,0,31,0,6,0,0,0,0,0,0,0,0,0,0,0,14,0,0,0,0,0,0,0,0,0,0,10,0,0,0,0,9,0,0,0,0,0,0,0,0,0,0,0,0,0,0,0,0,0,0,0,0,0,0,0,0,0,0,0,0,0,0,0,0,0,0,0,0,0,0,0,0,0,0,0,0,0,0,35,0,0,0,0,0,0,0,0
1987,17,0,39,0,0,0,1,0,7,0,0,0,0,0,0,0,0,0,0,0,0,0,0,0,0,0,0,200,0,0,0,0,0,0,0,0,0,1,0,0,0,0,0,0,0,0,3,0,89,0,4,0,0,0,0,0,0,0,0,0,0,11,0,0,0,0,0,0,0,0,0,0,0,1,6,0,7,0,0,0,1,0,0,0,0,15,0,2,0,0,0,0,0,0,0,0,0,0,0,0,0,4,0,1,0,0,0,3,52,86,0,0,0,0,0,0,0,0,0,0,0,0,0,0,0,0,0,0,0,0,0,0,0,0,0,3,0,0,0,0,0,0,0,12,0,0,0,0,0,0,0,0,0,0,0,0,0,0,0,0,0,0,15,30,20,27,11,4,3,260,39,37,0,0,0,0,0,0,95,0,0,0,0,0,0,8,32,0,0,1,0,0,1,21,22,1,1,42,13,6,3,9,10,3,38,4,0,0,19,0,0,0,0,0,4,0,0,122,81,56,0,0,0,0,0,0,0,7,54,5,65,0,7,9,73,0,0,0,0,0,0,25,2,0,4,0,0,17,62,0,4,0,1,2,0,3,0,0,38,2,0,0,0,0,4,11,26,0,0,1,2,0,0,4,9,6,0,0,0,0,0,0,0,0,0,0,0,0,0,0,0,0,0,0,0,0,0,0,0,0,0,0,0,0,0,0,0,0,0,0,0,0,0,0,0,0,0,0,0,0,0,1,0,0,0,0,0,0,0,0,0,0,0,0,0,0,0,0,0,0,0,0,0,0,0,0,0,0,0,0,0,35,0,7,0,0,0,0,0,0,0,0,0,0,0,14,0,0,0,0,0,0,0,0,0,0,15,0,0,0,0,9,0,0,0,0,0,0,0,0,0,0,0,0,0,0,0,0,0,0,0,0,0,0,0,0,0,0,0,0,0,0,0,0,0,0,0,0,0,0,0,0,0,0,0,0,0,0,35,0,0,0,0,0,0,0,0
1988,21,0,39,0,0,0,2,0,7,0,0,0,0,0,0,0,0,0,0,0,0,0,0,0,0,0,0,220,0,0,0,0,0,0,0,0,0,1,0,0,0,0,0,0,0,0,6,0,89,0,13,0,0,0,0,0,0,0,0,0,0,12,0,0,0,0,0,0,0,0,0,0,0,1,6,1,7,0,0,0,2,0,0,0,0,17,0,3,0,0,0,0,0,0,0,0,0,0,0,0,0,4,0,1,0,0,0,3,52,86,0,0,0,0,0,0,0,0,0,0,0,0,0,0,0,0,0,0,0,0,0,0,0,0,0,3,0,0,0,0,0,0,0,12,0,0,0,0,0,0,0,0,0,0,0,0,0,0,0,0,0,0,15,30,20,27,11,4,3,260,39,37,0,0,0,0,0,0,102,0,0,0,0,0,0,8,32,0,0,1,0,0,1,21,22,1,1,42,13,6,3,9,10,3,38,4,0,0,19,0,0,0,0,0,4,0,0,126,82,56,0,0,0,0,0,0,0,8,58,6,65,0,7,9,73,0,0,0,0,0,0,25,3,0,4,0,0,17,64,0,4,0,1,2,0,3,0,0,45,2,0,0,0,0,4,11,26,0,0,1,3,0,0,4,9,7,0,0,0,0,0,0,0,0,0,0,0,0,0,0,0,0,0,0,0,0,0,0,0,0,1,0,0,0,0,0,0,0,0,0,0,0,0,0,0,0,0,0,0,0,0,1,0,0,0,0,0,0,0,0,0,0,0,0,0,0,0,0,0,0,0,0,0,0,0,0,0,0,0,0,0,40,0,9,0,0,0,0,0,0,0,0,0,0,0,15,0,0,0,0,0,0,0,0,0,0,15,0,0,0,0,9,0,0,0,0,0,0,0,0,0,0,0,0,0,0,0,0,0,0,0,0,0,0,0,0,0,0,0,0,0,0,0,0,0,0,0,0,0,0,0,0,0,0,0,0,0,0,35,0,0,0,0,0,0,0,0
1989,24,0,39,0,0,0,2,0,11,0,0,0,0,0,0,0,0,0,0,0,0,0,0,0,0,0,0,243,0,0,0,0,0,0,0,0,0,1,0,0,0,0,0,0,0,0,6,0,89,0,17,0,0,0,0,0,0,6,0,0,0,12,0,0,0,12,0,0,0,0,0,0,0,1,6,1,7,0,0,0,4,0,0,0,0,18,0,3,0,0,0,0,0,0,0,0,0,0,0,0,0,8,0,1,0,0,0,3,52,86,0,0,0,0,0,0,0,0,0,0,0,0,0,0,0,0,0,0,0,0,0,0,0,0,0,3,0,0,0,0,0,0,0,12,0,0,0,0,0,0,0,0,0,0,0,0,0,0,0,0,0,0,15,30,20,27,11,4,3,260,39,37,0,0,0,0,0,0,105,0,0,0,0,0,0,8,32,0,0,1,0,0,1,21,22,1,1,42,13,6,3,9,10,3,38,4,0,0,19,0,0,0,0,0,4,0,0,146,88,62,0,0,0,0,0,0,0,8,64,15,65,0,8,9,73,0,0,0,0,0,0,25,3,0,4,0,0,18,68,0,4,0,1,2,0,3,0,0,49,2,0,0,0,0,4,11,27,0,0,1,3,0,0,6,9,7,0,0,0,0,0,0,0,0,0,0,0,0,0,0,0,0,0,0,0,0,0,0,0,0,2,0,0,0,0,0,0,0,0,0,0,0,0,0,0,0,0,0,0,0,0,1,0,0,0,0,0,0,0,0,0,0,0,0,0,0,0,0,0,0,0,0,0,0,0,0,0,0,0,0,0,47,0,9,0,0,0,0,0,0,0,0,0,0,0,15,0,0,0,0,0,0,0,0,0,0,20,0,0,0,0,9,0,0,0,0,0,0,0,0,0,0,0,0,0,0,0,0,0,0,0,0,0,0,0,0,0,0,0,0,0,0,0,0,0,0,0,0,0,0,0,0,0,0,0,0,0,0,35,0,0,0,0,0,0,0,0
1990,26,0,39,0,0,0,2,0,13,0,0,1,0,0,0,0,0,0,0,0,0,0,0,0,0,0,0,270,0,0,0,0,0,0,0,0,0,1,0,0,0,0,0,0,0,0,7,0,89,0,19,0,0,0,7,0,0,6,0,0,0,12,0,0,0,12,0,0,0,0,0,0,0,1,6,4,7,2,0,0,7,0,0,0,0,18,0,3,0,0,0,0,0,0,0,0,0,0,0,0,0,8,0,2,0,0,0,3,52,86,0,0,0,0,0,0,0,0,0,0,0,0,0,0,0,0,0,0,0,0,0,0,0,0,0,4,0,0,0,0,0,0,0,12,0,0,0,0,0,0,0,0,0,0,0,0,0,0,0,0,0,0,15,30,20,27,11,4,3,260,39,37,0,0,0,0,0,0,105,0,0,0,0,0,0,8,32,0,0,1,0,0,1,21,22,1,1,42,13,6,3,9,10,3,38,4,0,0,19,0,0,0,0,0,4,0,0,152,90,62,0,0,0,0,0,0,0,8,83,15,66,0,8,9,75,0,0,0,0,0,0,26,3,0,4,0,0,19,75,0,4,0,1,2,0,3,0,0,50,6,0,0,0,0,4,11,27,0,1,2,3,0,0,8,9,7,0,0,0,0,0,0,0,0,0,0,0,0,0,0,0,0,0,0,0,0,0,0,0,0,3,0,0,0,0,0,0,0,0,0,0,0,0,0,0,0,0,0,0,0,0,1,0,0,0,0,0,0,0,0,0,0,0,0,0,0,0,0,0,0,0,0,0,0,0,0,0,0,0,0,0,59,0,9,0,0,0,0,0,0,0,0,0,0,0,16,0,0,0,0,0,0,0,0,0,0,21,0,0,0,0,9,0,0,0,0,0,0,0,0,0,0,0,0,0,0,0,0,0,0,0,0,0,0,0,0,0,0,0,0,0,0,0,0,0,0,0,0,0,0,0,0,0,0,0,0,0,0,35,0,0,0,0,0,0,0,0
1991,34,0,39,0,0,0,3,0,14,0,0,1,0,0,0,0,0,0,0,0,0,0,0,0,0,0,0,293,0,0,0,0,0,0,0,0,0,1,0,0,0,0,0,0,0,0,7,9,89,0,19,0,0,0,9,0,0,6,0,0,0,14,0,0,0,17,0,0,0,0,0,0,0,1,6,4,7,3,0,0,7,0,0,0,0,18,0,3,0,0,0,0,0,0,0,0,0,0,0,0,0,11,0,2,0,0,0,3,52,86,12,0,0,0,0,0,0,0,0,0,0,0,0,0,0,0,0,0,0,0,0,0,0,0,0,5,0,0,0,0,0,0,0,12,0,0,0,0,0,0,0,0,0,0,0,0,0,0,0,0,0,0,18,30,20,27,11,4,3,260,39,37,0,0,0,0,0,0,105,0,0,0,0,0,0,8,32,0,0,1,0,0,1,21,22,1,1,42,13,6,3,9,10,3,38,4,0,0,19,0,0,0,0,0,4,0,0,165,94,63,0,0,0,0,0,0,0,8,88,15,68,0,9,9,76,0,0,0,0,0,0,26,4,0,4,0,0,24,90,0,4,0,1,2,0,3,0,0,55,6,0,0,0,0,4,11,27,0,1,3,3,0,0,8,13,8,0,0,0,0,0,0,0,0,0,0,0,0,0,0,0,0,0,0,0,0,0,0,0,0,4,0,0,0,0,0,0,0,0,0,0,0,0,0,0,0,0,0,0,0,0,1,0,0,0,0,0,0,0,0,0,0,0,0,0,0,0,0,0,0,0,0,0,0,0,0,0,0,0,0,0,67,0,10,0,0,0,0,0,0,0,0,0,0,0,23,0,0,0,0,0,0,0,0,0,0,21,0,0,0,0,9,0,0,0,0,0,0,0,0,0,0,0,0,0,0,0,0,0,0,0,0,0,0,0,0,0,0,0,0,0,0,0,0,0,0,0,0,0,0,0,0,0,0,0,0,0,0,35,0,0,0,0,0,0,0,0
1992,37,0,39,0,0,0,3,0,14,0,0,1,0,0,0,0,0,0,0,0,0,0,0,0,0,0,0,315,0,0,0,0,5,0,0,0,0,1,0,0,0,0,0,0,0,0,7,12,89,0,19,0,0,0,9,0,0,6,3,0,0,14,0,0,0,27,0,0,0,0,0,0,0,1,6,9,7,5,0,0,7,0,0,0,0,18,0,3,2,0,0,0,0,0,0,0,0,0,0,0,0,12,0,3,0,0,0,3,52,86,17,0,0,0,0,0,0,0,0,0,0,0,0,0,0,0,0,0,0,0,0,0,0,0,0,5,0,0,0,0,0,0,0,12,0,0,0,0,0,0,0,0,0,0,0,0,0,0,0,0,0,0,18,30,20,27,11,4,3,260,39,37,0,0,0,0,0,0,105,0,0,0,0,0,0,8,32,0,0,2,0,0,1,21,22,1,1,42,13,6,3,9,10,3,38,4,0,0,19,0,0,0,0,0,4,0,0,168,98,69,0,0,0,0,0,0,0,9,92,15,71,0,11,9,78,0,0,0,0,0,0,26,4,0,4,0,0,25,93,0,6,0,1,2,0,3,0,0,63,6,0,0,0,0,4,14,44,0,1,4,4,0,0,11,13,10,0,0,0,0,0,0,0,0,0,0,0,0,0,0,0,0,0,0,0,0,0,0,0,0,5,0,0,0,0,0,0,0,0,0,0,0,0,0,0,0,0,0,0,0,0,1,0,0,0,0,0,0,0,0,0,0,0,0,0,0,0,0,0,0,0,0,0,0,0,0,0,0,0,0,0,68,0,11,0,0,0,0,0,0,0,0,0,0,0,25,0,0,0,0,0,0,0,0,0,0,21,4,0,0,0,9,0,0,0,0,0,0,0,0,0,0,0,0,0,0,0,0,0,0,0,0,0,0,0,0,0,0,0,0,0,0,0,0,0,0,0,0,0,0,0,0,0,0,0,0,0,0,35,0,0,0,0,0,0,0,0
1993,43,0,39,0,0,0,4,0,17,0,0,1,0,0,0,0,0,0,0,0,0,0,0,0,0,0,0,336,0,0,0,0,7,0,0,0,0,1,0,0,0,0,0,0,0,0,7,14,89,0,19,6,0,0,9,0,0,6,7,0,0,14,0,0,0,33,0,0,0,0,0,0,0,8,6,13,7,5,0,0,7,0,0,0,0,18,0,4,3,0,0,0,0,0,0,0,0,0,0,0,0,12,0,3,0,0,0,3,52,86,20,0,0,0,0,0,0,0,0,0,0,0,0,0,0,0,0,0,0,0,0,0,0,0,0,7,0,0,0,0,0,0,0,12,0,0,0,0,0,0,0,0,0,0,0,0,0,0,0,0,0,0,18,30,20,27,11,4,3,260,39,37,0,0,0,0,0,0,105,0,0,0,0,0,0,8,32,0,0,2,0,0,1,21,22,1,1,42,13,6,3,9,10,3,38,4,0,0,19,0,0,0,0,0,4,0,0,184,107,69,0,0,0,0,0,0,0,9,97,15,73,0,12,9,78,0,0,0,0,0,0,26,4,0,4,0,0,25,98,0,7,0,1,2,0,3,0,0,67,6,0,0,0,0,4,14,44,0,1,4,6,0,0,12,15,10,0,0,0,0,0,0,0,0,0,0,0,0,0,0,0,0,0,0,0,0,0,0,0,0,6,0,0,0,0,0,0,0,0,0,0,0,0,0,0,0,0,0,0,0,0,1,0,0,0,0,0,0,0,0,0,0,0,0,0,0,0,0,0,0,0,0,0,0,0,0,0,0,0,0,0,74,0,19,0,0,0,0,0,0,0,0,0,0,0,27,0,0,0,0,0,0,0,0,0,0,21,6,0,0,0,9,0,0,0,0,0,0,0,0,0,0,0,0,0,0,0,0,0,0,0,0,0,0,0,0,0,0,0,0,0,0,0,0,0,0,0,0,0,0,0,0,0,0,0,0,0,0,35,0,0,0,0,0,0,0,0
1994,50,0,39,0,0,0,4,0,19,0,0,1,0,0,0,0,0,0,0,0,0,0,0,0,0,0,0,363,0,0,0,0,9,0,0,0,0,1,0,0,0,0,0,0,0,0,7,14,89,0,19,9,0,0,9,0,0,6,7,0,5,15,0,1,0,46,0,0,0,0,0,0,0,12,6,13,7,5,0,0,7,0,0,0,0,18,0,4,3,0,0,0,0,0,0,0,0,0,0,0,0,12,0,3,0,0,0,3,52,86,23,0,0,0,0,0,0,0,0,0,0,0,0,0,0,0,0,0,0,0,0,0,0,0,0,8,0,0,0,0,0,0,0,12,0,0,0,0,0,0,0,0,0,0,0,0,0,0,4,0,0,0,18,30,20,27,11,4,3,260,39,37,0,0,0,0,0,0,105,0,0,0,0,0,0,8,32,0,0,2,0,0,1,21,22,1,1,42,13,6,3,9,10,3,38,4,0,0,19,0,0,0,0,0,4,0,0,190,114,70,0,0,0,0,0,0,0,10,102,23,74,0,12,9,78,0,0,0,0,0,0,26,4,0,5,0,2,26,110,0,7,0,1,2,0,3,0,0,73,6,0,0,0,0,4,18,59,0,1,4,12,0,0,12,15,10,0,0,0,0,0,0,0,0,0,0,0,0,0,0,0,0,0,0,0,0,0,0,0,0,8,0,0,0,0,0,0,0,0,0,0,0,0,0,0,0,0,0,0,0,0,1,0,0,0,0,0,0,0,0,0,0,0,0,0,0,0,0,0,0,0,0,0,0,0,0,0,0,0,0,0,83,0,20,0,0,0,0,0,0,0,0,0,0,0,36,0,0,0,0,0,0,0,0,0,0,21,6,0,0,0,9,0,0,0,0,0,0,0,0,0,0,0,0,0,0,0,0,0,0,0,0,0,0,0,0,0,0,0,0,0,0,0,0,0,0,0,0,0,0,0,0,0,0,0,0,0,0,35,0,0,0,0,0,0,0,0
1995,58,0,39,0,0,0,4,0,20,0,0,2,0,0,0,0,0,0,0,0,0,0,0,0,0,0,0,376,0,0,6,0,11,0,0,0,0,1,0,0,0,0,0,0,1,0,7,14,89,0,19,10,0,0,9,0,0,6,7,0,7,15,0,4,0,50,0,0,0,0,0,0,0,14,6,13,7,5,0,0,7,0,0,0,0,18,5,4,3,0,0,0,0,0,0,0,0,0,0,0,0,13,0,3,0,0,0,3,52,86,25,0,0,0,0,1,0,0,0,0,0,0,0,0,0,0,0,0,0,0,0,0,0,0,0,9,0,0,0,0,0,0,0,12,0,0,0,0,0,0,4,0,0,2,0,0,0,0,7,0,0,0,18,30,20,27,11,4,3,260,39,37,0,0,0,0,0,0,105,0,0,28,0,0,0,8,32,0,0,2,0,0,1,21,22,1,1,42,13,6,3,9,10,3,38,4,0,0,19,0,0,0,0,0,5,0,0,199,120,70,0,0,0,0,0,0,0,10,102,37,75,0,12,9,82,0,0,0,0,0,0,26,4,0,6,0,2,30,120,0,9,0,1,2,0,3,0,0,89,6,0,0,0,0,4,19,64,0,1,5,14,4,0,12,15,10,0,0,0,0,0,0,0,0,0,0,0,0,0,0,0,0,0,0,0,0,0,0,0,0,8,0,0,0,0,0,0,0,0,0,0,0,0,0,0,0,0,0,0,0,0,1,0,0,0,0,0,0,0,0,0,0,0,0,0,0,0,0,0,0,0,0,0,0,0,0,0,0,0,0,0,93,0,20,0,0,0,0,0,0,0,0,0,0,0,39,0,0,0,0,0,0,0,0,0,0,21,11,0,0,0,9,0,0,0,0,0,0,0,0,0,0,0,0,0,0,0,0,0,0,0,0,0,0,0,0,0,0,0,0,0,0,0,0,0,0,0,0,0,0,0,0,0,0,0,0,0,0,35,0,0,0,0,0,0,0,0
1996,67,0,39,0,0,0,4,0,21,0,0,2,0,0,0,0,0,0,0,0,0,0,0,0,0,0,0,396,0,0,6,0,14,0,0,0,0,1,0,0,0,0,0,0,2,0,7,14,89,9,19,10,0,0,9,0,0,6,7,0,8,15,0,4,0,58,0,0,0,0,0,0,0,14,6,13,7,5,3,0,7,0,0,0,0,18,8,4,3,0,0,0,0,0,0,0,0,0,0,0,0,13,0,3,0,0,0,3,52,86,29,0,0,0,0,1,0,0,0,0,2,0,0,0,0,0,0,0,0,0,0,0,0,0,0,10,0,0,0,0,0,0,0,12,0,0,0,0,0,1,8,0,0,4,0,0,0,0,12,0,0,0,21,30,20,27,11,4,3,260,39,37,0,0,0,0,0,0,105,0,0,35,0,0,0,8,32,0,0,2,0,0,1,21,22,1,1,42,13,6,3,9,10,3,38,4,0,0,19,0,0,0,0,0,6,0,0,213,127,72,0,0,0,0,0,0,5,11,102,42,76,0,13,9,96,0,7,0,0,0,0,26,4,0,7,0,4,31,129,0,10,0,1,2,0,3,0,0,95,6,0,0,0,0,4,19,65,0,1,5,14,4,0,13,16,12,0,0,0,0,0,0,0,0,0,0,0,0,0,0,0,0,0,0,0,0,0,0,0,0,8,0,0,0,0,0,0,0,0,0,0,0,0,0,0,0,0,0,0,0,0,1,0,0,0,0,0,0,0,0,0,0,0,0,0,0,0,0,0,0,0,0,0,0,0,0,0,0,0,0,0,104,0,26,0,0,0,0,0,0,0,0,0,0,0,41,0,0,0,0,0,0,0,0,0,0,21,13,0,0,0,9,0,0,0,0,0,0,0,0,0,0,0,0,0,0,0,0,0,0,0,0,0,0,0,0,0,0,0,0,0,0,0,0,0,0,0,0,0,0,0,0,0,0,0,0,0,0,35,0,0,0,0,0,0,0,0
1997,81,0,39,0,0,0,4,0,21,0,0,2,0,0,0,0,0,0,0,0,0,0,0,0,0,0,0,411,11,0,6,5,18,0,0,0,13,1,0,0,0,0,0,0,2,0,7,14,89,9,19,10,0,0,9,0,4,6,7,0,8,15,15,4,0,62,0,0,0,0,0,0,0,14,6,13,7,5,3,0,7,10,0,0,0,18,8,4,3,0,0,0,0,0,0,0,0,0,0,0,0,17,0,3,0,0,0,3,52,86,30,0,0,0,0,1,0,0,0,0,2,0,0,0,0,0,0,0,0,0,0,0,0,0,0,12,0,0,0,0,0,0,0,12,0,0,0,0,0,1,8,3,0,4,0,0,0,0,18,0,0,0,21,30,20,27,11,4,3,260,39,37,0,0,0,0,0,0,105,0,0,46,0,0,0,8,32,0,0,3,0,0,1,21,22,1,1,42,13,6,3,9,10,3,38,4,0,0,19,0,0,0,0,0,7,0,0,226,136,72,0,0,0,0,0,0,9,11,104,59,78,0,13,9,97,0,18,0,0,0,0,27,4,0,10,0,9,31,145,0,15,0,1,2,1,3,0,0,109,6,0,0,0,0,4,19,65,0,1,6,19,5,0,14,16,17,0,0,0,0,0,0,0,0,0,0,0,0,0,0,0,0,0,0,0,0,0,0,0,0,8,0,0,0,0,0,0,0,0,0,0,0,0,0,0,0,0,0,0,0,0,1,0,0,0,0,0,0,0,0,0,0,0,0,0,0,0,0,0,0,0,0,0,0,0,0,0,0,0,0,0,111,0,26,0,0,0,0,0,0,0,0,0,0,0,42,0,0,0,0,0,9,0,0,0,0,21,13,0,0,0,19,0,0,0,0,0,0,0,0,0,0,0,0,0,0,0,0,0,0,0,0,0,0,0,0,0,0,0,0,0,0,0,0,0,0,0,0,0,0,0,0,0,0,0,0,0,0,35,0,0,0,0,0,0,0,0
1998,97,12,39,0,0,0,5,0,21,0,0,12,2,0,0,0,0,0,0,0,0,0,0,0,0,0,0,412,12,11,6,5,18,0,9,0,28,1,0,0,1,0,0,0,2,0,7,14,89,9,19,10,12,0,9,0,4,6,7,0,8,15,18,4,0,62,0,0,0,0,0,0,0,17,6,14,7,6,3,0,7,16,0,0,0,18,9,4,3,0,0,0,0,0,0,0,1,0,0,0,0,17,0,3,1,0,0,3,52,86,32,0,0,0,0,1,0,0,0,0,2,4,0,0,0,0,0,0,0,0,0,0,0,0,0,13,0,0,0,21,0,0,0,12,0,0,0,0,0,1,8,3,0,4,6,5,0,0,25,0,0,0,21,30,20,27,11,4,3,260,39,37,0,0,0,0,0,0,105,0,0,64,0,0,0,8,32,0,0,3,0,0,1,21,22,1,1,42,13,6,3,9,10,3,38,4,0,0,19,11,0,0,0,0,9,0,0,239,140,72,0,0,0,0,23,0,9,11,105,71,83,18,14,9,98,0,18,0,12,0,0,27,5,0,14,0,12,33,168,0,16,1,1,2,1,3,0,0,124,6,0,0,3,0,4,25,70,1,1,7,20,5,0,14,18,18,0,0,0,0,0,0,0,0,0,0,0,0,0,0,0,0,0,0,0,0,0,0,0,0,8,0,0,0,0,0,0,0,0,0,0,0,0,0,0,0,0,0,0,0,0,2,0,0,0,0,0,0,0,0,0,0,0,0,0,0,0,0,0,0,0,0,0,0,0,0,0,0,0,0,0,116,0,26,0,0,0,0,0,0,0,0,0,0,0,45,0,0,0,0,0,11,0,0,0,0,21,13,10,0,0,43,0,0,0,0,0,0,0,0,0,0,0,0,0,0,0,0,0,0,0,0,0,0,0,0,0,0,0,0,0,0,0,0,0,0,0,0,0,0,0,0,0,0,0,0,0,0,35,0,0,0,0,0,0,0,0
1999,117,14,39,1,0,0,5,12,21,1,0,24,2,0,0,0,0,0,0,0,0,0,0,0,0,0,0,412,12,21,6,5,18,0,11,22,37,1,0,11,1,0,0,0,2,0,7,14,89,9,19,11,19,0,9,0,4,6,8,0,9,15,19,4,0,62,0,0,0,0,0,13,0,17,6,14,7,6,3,0,7,16,0,0,0,18,9,4,3,0,0,1,0,0,0,0,1,0,0,0,0,20,0,3,1,0,0,3,52,86,40,0,0,0,0,1,0,0,0,0,2,12,1,0,0,0,0,0,0,0,0,0,0,0,0,15,0,0,0,25,0,10,0,12,0,0,0,0,0,1,8,3,0,4,7,5,0,0,35,0,0,0,21,30,20,27,11,4,3,260,39,37,0,0,0,0,0,0,105,0,0,64,0,0,0,8,32,0,0,3,0,0,1,21,22,1,1,42,13,6,3,9,10,3,38,4,0,0,19,27,0,0,0,0,12,0,8,256,143,72,0,0,0,0,23,0,9,11,105,71,84,44,15,9,98,0,18,0,19,0,0,28,5,0,21,0,12,35,181,0,18,1,1,2,1,3,0,0,138,6,0,0,5,0,4,29,78,3,1,7,20,5,3,14,20,18,0,0,0,0,0,0,0,0,0,0,0,0,0,0,0,0,0,0,0,0,0,0,0,0,9,0,0,0,0,0,0,0,0,0,0,0,0,0,0,0,0,0,0,0,0,2,0,0,0,0,0,0,0,0,0,0,0,0,0,0,0,0,0,0,0,0,0,0,0,0,0,0,0,0,0,121,0,26,7,0,0,0,0,0,0,0,0,0,0,45,0,0,0,0,0,13,0,7,0,0,21,13,10,0,0,58,0,0,0,0,0,0,0,0,0,0,0,0,0,0,0,0,0,0,0,0,0,0,0,0,0,0,0,0,0,0,0,0,0,0,0,0,0,0,0,0,0,0,0,0,0,0,35,0,0,0,0,0,0,0,0
2000,121,17,39,27,3,3,13,18,21,1,0,25,11,0,0,0,0,0,0,0,0,0,0,0,0,0,0,412,12,21,6,5,18,14,11,22,37,1,0,21,1,0,0,0,2,0,7,14,89,9,19,11,19,1,9,0,4,6,8,0,9,15,19,4,0,62,0,0,0,0,0,34,2,17,6,14,7,6,3,0,7,16,0,21,0,18,9,4,3,0,0,2,0,0,0,0,1,0,0,0,0,21,0,5,3,0,0,3,52,86,40,0,0,0,0,49,1,0,3,0,2,14,2,0,0,0,0,0,0,0,4,0,0,2,0,15,0,0,0,25,19,10,0,12,0,0,0,0,0,1,8,3,0,4,7,5,0,0,40,0,0,0,21,30,20,27,11,4,3,260,39,37,0,0,0,0,5,0,105,0,1,64,0,0,0,8,32,0,0,4,0,0,1,21,22,1,1,42,13,6,3,9,10,3,38,4,2,0,19,31,0,0,0,0,16,0,17,256,144,72,5,0,0,0,43,0,9,11,109,76,84,46,15,9,98,0,18,0,19,0,0,30,5,0,47,0,20,36,205,0,22,1,1,2,1,3,0,0,144,6,0,0,5,0,4,29,78,4,1,7,20,5,3,14,20,18,0,0,0,0,0,0,0,0,0,0,0,0,0,0,0,0,0,0,0,0,0,0,0,0,10,0,0,0,0,0,0,0,0,0,0,0,0,0,0,0,0,0,0,0,0,6,0,0,0,0,0,0,0,0,0,0,0,0,0,0,0,0,0,0,0,0,0,0,0,0,0,0,0,0,0,122,0,32,9,0,0,0,0,0,0,0,0,0,0,46,0,0,0,0,6,13,0,10,0,0,21,13,10,0,0,69,0,0,0,0,0,0,0,0,0,0,0,0,0,0,0,0,0,0,0,0,0,0,0,0,0,0,0,0,0,0,0,0,0,0,0,0,0,0,0,0,0,0,0,0,0,0,35,0,0,0,0,0,0,0,0
2001,126,18,39,30,5,5,14,18,21,3,0,27,11,0,0,0,0,0,0,0,0,0,0,0,0,0,0,412,12,21,6,5,18,16,11,22,37,1,0,22,19,0,0,0,2,0,7,14,89,9,19,11,19,26,9,0,4,6,8,0,9,15,19,4,0,66,0,0,0,0,0,44,4,17,6,14,7,6,3,0,7,16,0,21,0,19,9,4,3,0,0,2,0,0,0,0,1,0,1,0,0,25,0,5,3,0,0,5,52,86,76,0,11,0,0,66,1,0,3,0,2,16,2,0,0,0,0,0,0,0,48,2,0,3,0,15,0,13,0,26,19,10,0,13,0,0,6,0,0,1,8,3,0,4,7,5,0,0,45,47,0,0,21,30,20,27,11,4,3,260,39,37,0,0,13,0,5,0,105,0,2,64,0,0,0,8,32,0,0,4,0,0,1,21,22,1,1,42,13,6,3,9,10,3,38,4,3,0,19,31,0,0,0,0,16,0,17,257,144,73,5,0,0,0,46,0,9,12,109,76,84,46,15,9,98,0,18,0,19,0,0,30,5,0,81,0,24,37,219,0,23,1,1,2,1,3,0,1,149,6,0,0,7,0,4,32,78,4,1,7,20,5,3,14,20,18,0,0,0,0,0,0,0,0,0,0,0,0,0,0,0,0,0,0,0,0,0,0,0,0,10,0,0,0,0,0,0,0,0,0,0,0,0,0,0,0,0,0,0,0,0,6,0,0,0,0,0,0,0,0,0,0,0,0,0,0,0,0,0,0,0,0,0,0,0,6,0,0,0,0,0,136,0,32,15,0,0,0,0,0,0,0,0,0,0,49,0,0,0,0,9,13,6,10,0,0,21,13,10,3,0,73,0,0,0,0,1,18,0,0,0,0,0,0,0,0,0,0,0,0,0,0,0,0,0,0,0,0,0,0,0,0,0,0,0,0,0,0,0,0,0,0,0,0,0,0,0,0,35,0,0,0,0,0,0,0,0
2002,129,18,39,30,5,11,14,18,21,8,0,33,11,0,0,0,0,0,0,0,0,0,0,0,0,0,0,412,12,21,6,5,18,16,11,22,39,1,0,22,45,0,1,0,4,0,7,14,89,9,19,11,19,26,9,0,4,6,8,0,9,15,19,4,0,67,0,0,0,0,0,66,7,18,7,14,7,6,3,0,7,16,0,21,0,19,9,4,3,0,1,2,0,0,0,0,1,0,2,0,0,29,0,5,5,0,0,5,52,86,92,0,30,0,0,87,2,1,3,0,2,17,2,0,0,0,0,0,0,0,54,2,0,3,0,15,0,28,0,26,19,10,0,13,0,0,6,16,0,1,8,3,0,4,7,5,0,0,52,91,0,0,21,30,20,27,11,4,3,260,39,37,0,0,13,0,5,0,105,0,3,64,0,0,0,8,32,0,10,4,0,0,1,21,22,1,1,42,13,6,3,9,10,3,38,4,11,0,19,31,0,0,0,0,22,0,17,257,144,73,5,1,0,0,94,4,9,13,109,76,84,46,15,9,99,0,22,0,19,0,0,31,5,0,125,0,32,39,234,0,24,1,1,2,1,3,0,1,153,6,0,0,9,0,4,65,139,4,1,8,20,7,3,14,20,18,0,0,0,0,0,0,0,0,0,0,0,0,0,0,0,0,0,0,0,0,0,0,0,0,10,0,0,0,0,0,0,0,0,0,0,0,0,0,0,0,0,0,0,0,0,6,0,0,0,0,0,0,0,0,0,0,0,0,0,0,0,0,0,0,0,0,0,0,0,14,0,0,0,0,0,151,0,37,15,0,0,0,0,0,0,0,0,0,0,50,0,0,0,0,9,13,6,10,0,0,21,13,10,3,0,73,0,0,0,0,3,25,0,0,0,0,0,0,0,0,0,20,0,0,0,0,0,0,0,0,0,0,0,0,0,0,0,0,0,0,0,0,3,0,0,0,0,0,0,0,0,0,35,0,0,0,0,0,0,0,0
2003,135,18,39,30,5,11,14,18,21,22,0,34,11,0,0,0,0,0,0,0,0,0,0,0,0,0,0,412,12,21,6,5,18,16,11,22,40,1,23,22,70,0,2,0,4,0,7,14,89,9,19,11,19,26,9,0,4,6,8,0,9,15,19,4,0,67,0,0,0,0,0,91,9,19,7,14,7,6,3,0,7,16,0,21,0,19,9,4,3,20,2,2,0,0,0,0,1,0,3,0,0,32,1,6,6,1,0,5,52,86,94,0,33,0,0,113,2,5,4,0,2,19,2,0,0,0,0,0,0,0,54,2,0,3,4,15,10,28,0,26,19,10,28,15,0,0,6,17,0,1,8,3,0,4,7,5,0,0,63,155,0,0,21,30,20,27,11,4,3,260,39,37,0,0,13,8,5,0,105,0,4,64,0,0,0,9,32,4,13,4,0,0,1,21,22,1,1,42,13,6,3,9,10,3,38,4,14,0,19,31,0,0,0,0,28,0,17,257,144,73,5,40,9,10,97,4,9,14,109,76,84,46,15,9,99,0,22,0,19,0,0,31,5,18,174,0,45,44,249,0,30,1,1,2,1,3,0,1,158,7,1,0,9,0,4,66,142,4,2,8,21,7,3,14,21,18,0,0,0,0,0,0,0,0,0,0,0,0,0,0,0,0,0,0,0,0,0,0,0,0,10,0,0,0,0,0,0,0,0,0,0,0,0,0,0,0,0,0,0,0,0,6,0,0,0,0,0,0,0,0,0,0,0,0,0,0,0,0,0,0,0,0,0,0,0,17,0,0,0,0,0,154,0,38,15,0,0,0,0,0,0,0,0,0,0,50,0,0,0,0,9,13,6,10,8,0,21,13,10,3,0,73,0,0,0,0,5,25,0,0,0,0,0,0,0,0,0,20,0,0,0,0,0,0,0,0,0,0,0,0,0,0,0,0,0,0,0,0,8,0,0,0,0,0,0,0,0,0,35,0,0,0,0,0,0,0,0
2004,142,18,39,30,5,11,14,18,21,40,0,36,11,0,1,0,0,0,0,0,0,0,0,0,0,0,0,412,12,21,6,5,18,16,11,22,40,1,39,22,86,5,2,0,4,0,7,14,89,9,19,11,19,26,9,0,4,6,8,0,9,15,19,4,0,67,0,0,0,0,0,113,11,19,7,14,7,6,3,0,7,16,0,21,32,19,9,4,3,35,2,2,0,0,0,0,1,1,4,0,0,36,1,10,7,1,0,5,52,86,96,0,47,0,0,123,2,5,4,0,2,21,2,0,0,0,0,0,0,0,54,2,0,3,4,16,23,28,3,26,19,10,28,21,0,0,6,17,8,1,8,3,0,4,7,5,0,0,71,203,0,0,21,30,20,27,11,4,3,260,39,37,0,0,13,8,5,0,105,0,5,64,0,0,0,9,32,4,13,4,0,0,1,21,22,1,1,42,13,6,3,9,10,3,38,4,16,0,19,31,0,0,0,0,31,6,17,257,144,73,5,43,11,17,100,4,9,14,109,76,84,46,15,9,99,0,22,15,19,0,0,31,5,55,199,0,57,48,259,0,30,1,1,2,1,3,2,1,167,7,1,0,9,0,4,67,142,4,2,9,21,7,3,14,21,18,0,0,0,0,0,0,0,0,0,0,0,0,0,0,0,0,0,0,0,0,0,0,0,0,10,0,0,0,0,0,0,0,0,0,0,0,0,0,0,0,0,0,0,0,0,6,0,0,0,0,0,0,0,0,0,0,0,0,0,0,0,0,0,0,0,0,0,0,0,17,0,5,0,0,0,155,0,40,15,0,0,0,0,0,0,3,0,14,0,51,0,0,0,0,9,13,6,10,15,1,21,13,10,3,0,73,0,0,0,0,6,26,0,0,0,0,0,0,0,0,0,20,0,0,0,0,0,0,0,0,0,0,0,0,0,0,0,0,0,0,0,0,14,0,0,0,0,0,0,0,0,0,35,0,0,0,0,0,0,0,0
2005,148,18,39,30,5,11,14,18,21,67,0,37,11,4,1,0,0,7,0,9,0,1,6,1,0,0,0,412,12,21,6,5,18,16,11,22,40,1,43,22,113,8,2,0,4,0,7,14,89,9,19,11,19,26,9,0,4,6,8,0,9,15,19,4,0,67,0,0,0,0,0,139,13,19,7,14,7,6,3,0,7,16,0,21,62,19,9,4,3,45,2,2,1,0,0,0,1,2,4,0,0,43,1,12,7,1,0,5,52,86,97,0,52,0,0,124,2,5,4,0,2,21,2,0,0,0,0,0,0,0,54,2,0,3,4,16,23,28,3,26,19,10,28,25,0,0,6,17,8,1,8,3,0,4,7,5,0,0,76,239,5,0,21,30,20,27,11,4,3,260,39,37,5,5,13,8,5,0,105,3,6,64,0,0,0,9,32,4,13,4,0,0,1,21,22,1,1,42,13,6,3,9,10,3,38,4,18,0,19,31,0,0,0,0,34,7,17,257,144,73,5,43,11,17,100,4,9,14,109,76,84,46,15,9,99,5,22,19,19,0,0,32,5,76,231,0,62,48,267,0,30,1,1,2,1,3,2,1,178,7,1,0,9,0,4,67,142,4,2,9,21,7,3,14,22,18,0,0,0,0,0,0,0,0,0,0,0,0,0,0,0,0,0,0,0,0,0,0,0,0,10,0,0,0,0,0,0,0,0,0,0,0,0,0,0,0,0,0,0,0,0,6,1,0,0,0,0,0,0,0,0,0,0,0,0,0,0,0,0,0,0,0,0,0,0,23,0,5,0,0,6,159,0,47,15,0,0,0,0,0,0,6,0,24,0,51,0,0,0,0,9,13,6,10,15,3,21,13,10,3,0,73,0,0,0,0,7,29,0,0,0,0,0,0,0,0,0,20,0,0,0,0,0,0,0,0,0,0,0,0,0,0,0,0,0,0,0,0,15,0,0,0,0,0,0,0,0,0,35,0,0,0,0,0,0,0,0
2006,155,18,39,30,5,11,15,18,21,98,0,37,11,7,8,0,0,9,0,10,0,5,8,1,0,0,6,412,12,21,6,5,18,16,11,22,40,1,45,22,132,13,2,0,4,0,7,14,89,9,19,11,19,26,9,0,4,6,8,0,9,15,19,4,0,67,0,0,0,0,0,148,15,19,7,14,7,6,3,0,7,16,0,23,73,19,9,4,3,45,2,2,2,0,0,0,1,2,4,0,0,45,1,12,7,1,0,5,52,86,99,0,52,0,0,126,2,5,4,0,17,21,2,0,0,0,0,0,0,3,54,2,0,3,4,16,23,28,3,26,19,10,28,27,0,0,6,17,8,1,8,3,0,4,7,5,0,2,79,283,9,0,21,30,20,27,11,4,3,260,39,37,6,7,13,8,5,16,105,3,7,64,0,0,0,9,32,4,13,5,0,0,1,21,22,1,1,42,13,6,3,9,10,3,38,4,22,0,19,31,0,0,0,0,34,11,17,257,144,73,5,43,11,17,103,4,9,14,109,76,84,46,15,9,99,8,22,24,19,0,0,32,5,83,306,0,78,50,282,0,31,1,1,2,1,3,2,1,183,7,1,2,9,0,4,67,142,4,2,10,22,7,3,14,24,18,0,0,0,0,0,0,0,0,0,0,0,0,0,0,0,0,0,0,0,0,0,0,0,0,10,0,0,0,0,0,0,0,0,0,0,0,0,0,0,0,0,0,0,0,0,6,1,0,0,0,0,0,0,0,0,0,0,0,0,0,0,0,0,0,0,0,0,0,0,25,0,5,0,0,9,159,0,47,15,0,0,0,0,0,0,7,0,36,4,52,0,0,0,0,9,13,6,10,15,3,21,13,10,3,0,73,0,0,0,3,11,29,0,0,0,0,0,0,0,0,0,20,0,0,0,0,0,0,0,0,0,0,0,7,1,0,0,0,0,0,0,0,15,0,0,0,0,0,0,0,0,0,35,0,0,0,0,0,0,0,0
2007,161,18,39,30,5,11,15,18,21,133,0,37,11,11,10,1,1,12,0,19,1,9,10,4,0,0,9,412,12,21,6,5,18,16,11,22,40,1,45,22,149,20,2,0,4,0,7,14,89,9,19,11,19,26,9,9,4,6,8,0,9,15,19,4,0,67,0,0,2,0,0,163,17,20,7,14,7,6,3,10,7,16,0,23,73,19,9,4,3,45,2,2,3,0,1,0,1,2,4,0,0,46,1,12,7,1,0,5,52,86,100,0,53,0,0,126,2,5,4,1,22,21,2,0,0,0,0,0,0,5,54,2,0,3,6,16,23,28,3,26,19,10,28,28,0,0,6,17,8,1,8,3,9,4,7,5,0,2,82,314,13,0,21,30,20,27,11,4,3,260,39,37,6,7,13,8,5,38,105,4,8,64,0,0,0,9,32,4,13,5,0,0,1,21,22,1,1,42,13,6,3,9,10,3,38,4,24,0,19,31,0,0,0,0,34,11,17,257,144,73,5,43,11,17,104,4,9,14,109,76,84,46,15,9,99,8,22,24,19,0,0,32,5,83,415,0,114,51,292,0,31,1,1,2,1,3,2,1,193,7,1,2,9,0,4,69,150,4,2,12,22,7,3,14,26,18,0,0,0,0,0,0,0,0,0,0,0,0,0,0,0,0,0,0,0,0,0,0,0,0,10,0,0,0,0,0,0,0,0,0,0,0,0,0,0,0,0,0,0,0,0,6,2,0,0,0,0,0,0,0,0,0,0,0,0,0,0,0,0,0,0,0,0,0,0,27,0,5,0,0,13,159,0,47,15,0,0,0,0,0,0,7,0,51,4,52,0,0,0,0,9,13,6,10,15,6,21,13,10,3,0,73,0,0,0,14,12,29,0,0,0,0,0,0,0,0,0,20,0,0,0,0,0,0,0,0,0,0,0,9,1,0,0,0,0,0,0,0,15,0,0,0,0,0,0,0,0,0,35,0,0,0,0,0,0,0,0
2008,168,18,39,30,5,11,15,18,21,153,1,37,11,16,11,5,11,14,0,23,2,9,24,8,0,0,9,412,12,21,6,5,18,16,11,22,40,2,45,22,166,22,2,0,4,0,7,14,89,9,19,11,19,26,9,19,4,6,8,0,9,15,19,4,0,67,0,0,3,0,0,185,19,20,7,14,7,6,3,24,7,16,0,23,73,19,9,4,3,45,2,2,4,0,1,1,1,2,4,0,0,46,1,13,7,1,0,5,52,86,100,0,53,4,0,126,2,5,4,1,26,22,2,0,0,12,0,0,0,8,54,2,0,3,6,16,23,28,3,26,19,10,28,30,8,0,6,17,8,1,8,3,9,4,7,5,0,2,86,350,13,0,21,30,20,27,11,4,3,260,39,37,6,7,13,8,5,46,105,7,9,64,0,0,0,9,32,4,13,10,1,0,1,21,22,1,1,42,13,6,3,9,10,3,38,4,26,0,19,31,0,0,7,0,34,11,17,257,144,73,5,43,11,17,104,4,9,14,109,76,84,46,15,9,99,8,22,24,19,0,0,34,6,83,499,0,147,52,300,0,31,1,1,2,1,3,2,1,202,9,1,2,9,2,4,69,156,4,2,15,23,7,3,16,26,18,1,0,0,0,0,0,0,0,0,0,0,0,0,0,0,0,0,0,0,0,0,0,0,0,10,0,0,0,0,0,0,0,0,0,0,0,0,0,0,0,0,0,0,0,0,6,3,0,0,0,0,0,0,0,0,0,0,0,0,0,0,0,0,0,0,0,0,0,0,27,0,5,0,0,15,159,0,52,15,0,0,0,0,0,0,10,0,58,4,52,0,0,0,0,9,16,6,10,15,6,21,13,10,3,0,73,0,0,0,22,15,29,0,0,0,0,0,0,0,0,0,20,0,0,0,0,0,0,0,0,0,0,0,14,1,0,0,0,0,0,0,0,15,0,0,0,0,0,0,0,0,0,35,4,0,0,0,0,0,0,0
2009,179,18,39,30,5,11,15,18,21,176,1,37,11,23,12,5,12,25,5,24,2,10,27,16,0,0,10,412,12,21,6,5,18,16,11,22,40,2,45,22,202,25,2,0,4,0,7,14,89,9,19,11,19,26,9,19,4,6,8,12,9,15,19,4,0,67,12,0,4,0,0,220,21,20,7,14,7,6,3,30,7,16,0,23,73,19,9,4,3,45,2,2,5,0,1,1,1,2,4,1,0,55,2,13,7,1,0,5,52,86,100,1,53,8,0,126,2,5,4,1,31,22,2,0,0,19,0,0,0,10,54,2,0,3,6,16,23,28,3,26,19,10,28,36,13,0,6,17,8,1,8,3,9,4,7,5,0,2,86,379,13,0,21,30,20,27,11,4,3,260,39,37,6,7,13,8,5,47,105,7,10,64,0,0,0,9,32,4,13,25,15,0,1,21,22,1,1,42,13,6,3,9,10,3,38,4,28,0,19,31,0,0,15,19,34,11,17,258,144,73,5,43,11,17,104,4,9,14,109,76,84,46,15,9,99,8,22,24,19,0,0,41,6,83,603,10,161,54,310,0,35,1,1,2,1,3,2,1,207,9,1,2,9,5,4,69,159,4,2,16,24,7,3,16,26,18,6,0,0,0,0,0,0,0,0,0,0,0,0,0,0,0,0,0,0,0,0,0,0,0,10,0,0,0,0,0,0,0,0,0,0,0,0,0,0,0,0,0,0,0,0,11,5,0,0,0,0,0,0,0,0,0,0,0,0,0,0,0,0,0,0,0,0,0,0,31,0,5,0,0,18,161,0,52,15,0,0,0,0,0,0,10,0,72,4,53,0,0,0,0,9,16,6,10,15,6,21,13,10,3,0,73,0,0,0,31,18,29,0,0,0,0,0,0,0,0,0,20,0,0,0,0,0,0,0,0,0,0,0,14,1,0,0,0,0,0,0,0,15,0,0,0,0,0,0,0,0,0,35,4,0,0,0,0,0,0,0
2010,190,18,39,30,5,11,16,18,21,192,1,37,11,26,18,5,12,25,8,32,3,10,30,23,0,0,16,412,12,21,6,5,18,16,11,22,40,2,45,22,220,25,2,9,4,0,7,14,89,9,19,11,19,26,9,19,4,6,8,17,9,15,19,4,0,67,13,0,5,0,0,248,23,20,7,14,7,6,3,30,7,16,11,23,73,19,9,4,3,45,3,2,6,0,1,2,1,2,4,1,0,60,2,15,10,2,1,5,52,86,100,1,59,10,0,126,2,5,4,1,37,22,2,0,0,19,0,6,6,10,54,2,15,3,6,16,23,28,3,26,19,10,28,46,13,0,6,17,8,1,8,3,9,4,7,5,19,2,86,385,13,0,21,30,20,27,11,4,3,260,39,37,6,7,13,8,5,47,105,7,11,64,2,7,6,9,32,4,13,38,27,0,1,21,22,1,1,42,13,6,3,9,10,3,38,4,29,0,19,31,0,0,15,23,34,11,17,259,144,73,5,43,11,17,104,4,9,14,109,76,84,46,15,9,99,8,22,24,19,0,0,46,6,83,662,19,205,55,316,4,40,1,1,2,1,3,2,1,210,9,1,2,9,12,4,69,159,4,2,18,24,7,3,21,30,18,7,19,19,0,0,0,0,0,0,0,0,0,0,0,0,0,0,0,0,0,0,0,0,0,10,2,0,0,0,0,0,0,0,0,0,0,0,0,0,0,0,0,0,0,0,12,7,0,0,0,0,0,0,0,0,0,0,0,0,0,0,0,0,0,0,0,0,0,0,31,0,5,0,0,18,187,4,52,15,0,0,0,0,0,0,10,0,72,4,53,0,0,0,0,9,16,6,10,15,6,21,13,10,3,0,73,0,0,0,39,21,29,0,0,0,0,0,0,0,0,0,20,0,0,0,0,0,0,0,0,0,0,0,14,1,0,0,0,0,0,0,0,15,0,0,0,0,0,0,0,0,0,35,4,0,0,0,0,0,0,0
2011,201,18,39,30,5,11,16,18,21,208,1,37,11,31,19,5,12,25,8,32,9,10,43,23,0,0,18,412,12,21,6,5,18,16,11,22,40,2,45,22,229,25,2,9,4,10,7,14,89,9,19,11,19,26,9,19,4,6,8,17,9,15,19,4,0,67,13,0,6,0,0,280,24,20,7,14,7,6,3,30,7,16,15,23,73,19,9,4,3,45,3,2,7,1,1,2,1,2,4,1,0,73,2,17,13,2,3,5,52,86,100,1,67,15,0,126,2,5,4,1,43,22,2,0,16,19,18,6,6,12,54,2,15,3,6,16,23,28,3,26,19,10,28,53,13,0,6,17,8,1,8,3,9,4,7,5,24,2,86,385,13,0,21,30,20,27,11,4,3,260,39,37,6,7,13,8,5,47,105,7,12,64,6,22,16,9,32,4,13,51,40,0,1,21,22,1,1,42,13,6,3,9,10,3,38,4,29,5,19,31,43,9,17,23,34,11,17,259,144,73,5,43,11,17,104,4,9,14,109,76,84,46,15,9,99,8,22,24,19,0,0,59,6,83,766,34,238,58,320,10,43,1,1,2,1,3,2,1,210,9,2,3,9,13,4,69,159,4,2,19,24,7,3,21,32,18,7,19,19,19,19,19,0,0,0,0,0,0,0,0,0,0,0,0,0,0,0,0,0,0,10,2,0,0,0,0,0,0,0,1,0,0,0,0,0,0,0,0,0,0,0,14,10,0,0,0,0,0,0,0,0,0,0,0,0,0,0,0,0,0,0,0,0,0,0,31,0,5,0,0,18,204,4,52,18,0,0,0,0,0,0,10,0,72,4,53,0,0,0,0,9,16,6,10,15,6,21,13,10,3,0,73,0,0,0,48,24,29,0,0,0,0,0,0,0,0,0,20,0,0,0,0,0,0,0,0,0,2,0,16,1,0,0,1,0,0,0,0,15,0,0,0,0,0,0,0,0,0,35,4,0,0,0,0,0,0,0
2012,211,18,39,30,5,11,16,18,21,219,1,37,11,32,20,5,12,34,8,39,9,12,58,28,1,0,18,412,12,21,6,5,18,16,11,22,40,2,45,22,233,32,2,9,4,10,7,14,89,9,19,11,19,26,9,19,4,6,8,17,9,15,19,4,0,67,13,0,7,1,0,321,26,20,7,14,7,6,3,30,7,16,17,23,73,19,9,4,3,45,4,2,8,2,1,2,1,2,4,1,1,78,3,19,15,3,4,5,52,86,100,1,67,19,0,126,2,5,4,1,43,22,2,0,16,19,28,6,6,14,54,2,15,3,6,16,23,28,3,26,19,10,28,53,13,0,6,17,8,1,8,3,9,4,7,5,24,2,86,385,13,0,21,30,20,27,11,4,3,260,39,37,6,7,13,8,5,47,105,7,13,64,10,32,25,9,32,4,13,70,52,2,1,21,22,1,1,42,13,6,3,9,10,3,38,4,29,17,19,31,90,9,17,23,34,11,17,260,144,73,5,43,11,17,104,4,9,14,109,76,84,46,15,9,99,8,22,24,19,7,33,82,6,83,873,43,274,72,320,14,48,1,1,2,1,3,2,1,212,9,2,3,9,15,4,69,161,4,2,20,24,7,3,21,32,18,14,19,19,19,19,19,19,19,19,0,0,12,0,0,0,0,0,0,0,0,0,0,0,14,10,2,8,12,3,0,0,0,0,3,0,0,0,0,0,0,0,0,0,0,0,16,15,0,0,0,0,0,0,0,0,0,0,0,0,0,0,0,0,0,0,0,0,0,0,31,0,5,0,0,18,217,4,55,18,0,0,0,5,1,0,10,0,72,4,53,0,0,0,0,9,16,6,10,15,6,21,13,10,3,0,73,0,0,0,58,25,29,0,0,0,0,0,0,0,0,0,20,0,0,0,0,0,0,0,0,0,3,1,25,1,4,0,5,7,4,0,0,17,2,0,0,0,0,0,0,0,0,35,4,0,0,0,0,0,0,0
2013,223,18,39,30,5,11,16,18,21,233,1,37,11,37,23,6,18,35,8,51,9,12,65,32,1,0,18,412,12,21,6,5,18,16,11,22,40,2,45,22,233,32,2,9,4,10,7,14,89,9,19,11,19,26,9,19,4,6,8,17,9,15,19,4,12,67,14,0,8,1,0,361,28,25,7,14,7,6,3,30,7,16,17,23,73,19,9,4,3,45,9,2,9,3,1,2,1,2,4,1,2,81,12,21,16,4,5,5,52,86,100,1,67,23,0,126,2,5,4,1,44,22,2,13,16,19,28,6,6,14,54,2,15,3,6,16,23,28,3,26,19,10,28,54,13,0,6,17,8,1,8,3,9,4,7,5,24,2,86,385,13,0,21,30,20,27,11,4,3,260,39,37,6,7,13,8,5,47,105,7,17,64,17,40,32,9,32,4,13,82,64,2,1,21,22,1,1,42,13,6,3,9,10,3,38,4,39,21,19,31,97,9,19,23,34,11,17,261,144,73,5,43,11,17,104,4,9,14,109,76,84,46,15,9,99,8,22,24,19,7,64,117,6,83,970,47,308,74,328,14,53,1,1,2,1,3,2,1,220,9,6,5,9,15,4,73,176,5,2,20,24,7,3,21,32,18,18,19,19,19,19,19,19,19,19,19,20,12,18,0,0,0,0,0,0,0,0,0,0,14,10,2,16,17,12,28,18,9,8,4,3,0,0,0,0,1,0,0,0,0,0,21,18,0,0,0,0,0,0,0,0,0,0,0,0,0,0,0,0,0,0,0,0,0,0,31,3,5,0,0,18,234,4,58,18,0,3,0,6,1,0,10,0,72,4,54,0,0,0,0,9,16,6,10,15,6,21,13,10,3,0,73,0,0,0,71,28,29,0,0,0,0,0,0,0,0,0,20,0,0,0,0,0,0,0,0,0,4,2,29,1,4,0,11,7,4,0,5,20,2,0,0,0,0,0,0,0,0,35,4,0,0,0,0,0,0,0
2014,235,18,39,30,5,11,16,18,21,240,1,37,11,45,24,6,18,36,8,52,9,12,79,33,1,11,22,412,12,21,6,5,18,16,11,22,40,2,45,22,233,32,2,9,5,10,7,14,89,9,19,11,19,26,9,19,4,6,8,17,9,15,19,4,12,67,14,0,9,1,4,408,29,25,7,14,7,6,3,30,7,16,17,23,73,19,9,6,3,45,9,2,10,4,1,2,1,2,4,1,3,85,19,22,18,5,6,5,52,86,100,1,67,26,0,126,2,5,4,1,44,22,2,13,16,19,28,6,6,14,54,2,15,3,6,16,23,28,3,26,19,10,28,56,13,6,6,17,8,1,8,3,9,4,7,5,24,2,86,387,13,0,21,30,20,27,11,4,3,260,39,37,6,7,13,8,5,47,105,7,19,64,32,44,33,9,32,4,13,85,76,2,1,21,22,1,1,42,13,6,3,9,10,3,38,4,42,21,19,31,107,9,19,23,34,11,17,261,144,73,5,43,11,17,104,4,9,14,109,76,84,46,15,9,99,8,22,24,19,7,111,146,6,83,1069,47,353,86,328,14,59,1,1,2,1,3,2,1,233,9,8,9,9,19,4,83,278,5,2,20,26,7,3,23,33,18,19,19,19,19,19,19,19,19,19,19,20,12,19,19,19,19,0,0,0,0,0,0,0,14,10,2,23,17,23,73,30,16,8,8,11,27,7,42,4,11,1,0,0,1,0,29,23,0,0,0,0,0,0,0,0,0,0,0,0,0,0,0,0,0,0,0,0,0,0,31,4,5,0,0,18,250,4,58,18,0,6,0,7,2,0,13,0,72,4,54,4,0,0,0,9,16,6,10,15,6,21,13,10,3,0,73,0,0,0,86,31,29,0,0,0,0,0,0,0,0,0,20,0,0,0,0,0,0,0,0,0,5,4,38,2,4,1,11,9,4,7,5,24,3,0,0,0,0,0,0,0,0,35,4,0,0,0,0,0,0,0
2015,248,18,39,30,5,11,16,18,21,244,1,37,11,65,24,6,18,43,8,53,11,12,87,37,2,11,23,412,12,21,6,5,18,16,11,22,40,2,45,22,233,32,2,9,6,10,7,14,89,9,19,11,19,26,9,19,4,6,8,17,9,15,19,4,12,67,14,9,10,1,8,476,31,25,7,14,7,6,3,30,7,16,17,23,73,19,9,6,3,45,11,2,11,5,1,2,1,2,4,1,4,92,20,23,19,6,7,5,52,86,100,1,67,29,0,126,2,5,4,1,44,22,2,13,16,19,28,6,6,14,54,2,15,3,6,16,23,28,3,26,19,10,28,59,13,15,6,17,8,1,8,3,9,4,7,5,24,2,86,408,13,6,21,30,20,27,11,4,3,260,39,37,6,7,13,8,5,47,105,7,21,64,32,44,33,9,32,4,13,87,88,8,1,21,22,1,1,42,13,6,3,9,10,3,38,4,42,21,19,31,160,9,19,23,34,11,17,261,144,73,5,43,11,17,104,4,9,14,109,76,84,46,15,9,99,8,22,24,19,7,161,178,6,83,1170,47,389,102,329,15,76,1,1,2,1,3,2,1,246,10,16,9,9,19,4,87,280,5,2,20,27,7,3,23,33,18,20,19,19,19,19,19,19,19,19,19,20,12,19,19,19,19,19,19,19,0,0,0,0,14,10,2,23,17,23,98,30,16,8,14,16,30,10,82,4,18,1,0,0,2,0,40,26,12,9,9,9,31,0,0,0,0,0,0,0,0,0,0,0,0,0,0,10,0,0,31,4,5,0,2,18,261,4,60,18,0,7,2,8,3,0,13,3,72,4,54,5,0,0,0,9,16,6,10,15,6,21,13,10,3,0,73,0,0,0,99,34,29,0,0,0,0,0,0,0,0,0,20,0,1,0,0,0,0,0,0,0,6,6,43,2,4,6,12,21,4,7,5,29,3,0,0,0,0,0,0,0,0,35,4,0,0,0,0,0,0,0
2016,260,18,39,30,5,11,16,18,21,248,1,37,11,78,29,6,18,44,8,63,12,13,95,40,3,11,23,412,12,21,6,5,18,16,11,22,40,2,45,22,233,32,2,9,6,10,7,14,89,9,19,11,19,26,9,19,4,6,8,17,9,15,19,4,12,67,14,9,11,1,8,538,33,25,7,14,7,6,3,30,7,16,17,23,73,20,9,6,3,45,13,3,12,6,1,2,1,2,4,1,5,99,21,25,21,7,8,5,52,86,100,1,67,32,4,126,2,5,4,1,44,22,2,13,16,19,28,6,6,14,54,2,15,3,7,16,23,28,3,26,19,10,28,60,13,15,6,17,8,1,8,3,9,4,7,5,24,2,86,428,13,6,21,30,20,27,11,4,3,260,39,37,6,7,13,8,5,47,105,7,24,64,32,44,33,9,32,4,13,94,100,17,1,21,22,1,1,42,13,6,3,9,10,3,38,4,43,21,19,31,198,9,19,23,34,11,17,261,144,73,5,43,11,17,104,4,9,14,109,76,84,46,15,9,99,8,22,24,19,7,209,220,6,83,1267,47,421,119,329,15,86,1,1,2,1,3,2,1,253,10,19,9,9,35,4,87,280,5,2,20,28,7,3,23,33,18,25,19,19,19,19,19,19,19,19,19,20,12,19,19,19,19,19,19,19,19,21,19,19,14,10,2,23,17,23,98,30,16,8,18,24,30,19,121,4,20,2,2,3,3,2,49,29,25,17,9,10,57,55,6,2,3,0,4,0,0,0,0,2,0,0,0,13,0,0,31,4,5,3,2,18,273,4,61,18,0,7,3,8,6,0,13,4,72,4,54,5,0,0,0,9,16,6,10,15,6,21,13,10,3,0,73,0,0,0,115,36,29,0,0,0,0,0,0,0,0,0,20,0,4,0,0,0,0,0,0,0,12,17,50,2,4,10,12,24,4,7,5,33,3,0,0,0,0,0,0,0,0,35,4,0,0,0,0,0,0,0
2017,274,18,39,30,5,11,16,18,21,252,1,37,11,89,30,7,24,47,8,64,14,13,108,44,3,11,23,412,12,21,6,5,18,16,11,22,40,2,45,22,233,32,2,9,6,10,7,14,89,9,19,11,19,26,9,19,4,6,8,17,9,15,19,4,12,67,14,9,12,1,8,601,35,25,7,14,7,6,3,30,7,16,17,23,73,20,9,6,3,45,18,4,13,7,1,2,1,2,4,1,6,104,23,26,22,8,9,5,52,86,100,1,67,35,7,126,2,5,4,1,44,22,2,13,17,19,28,6,6,14,54,2,15,3,7,16,23,28,3,26,19,10,28,62,13,15,6,17,8,1,8,3,9,4,7,5,24,2,86,428,13,6,21,30,20,27,11,4,3,260,39,37,6,7,13,8,5,47,105,7,26,64,32,44,33,9,32,4,13,97,112,24,1,21,22,1,1,42,13,6,3,9,10,3,38,4,43,21,19,31,222,9,19,23,34,11,17,261,144,73,5,43,11,17,104,4,9,14,109,76,84,46,15,9,99,8,22,24,19,7,253,254,6,83,1422,47,464,132,332,18,87,1,1,2,1,3,2,1,256,10,21,9,9,35,4,87,280,5,2,23,28,7,3,23,33,18,30,19,19,19,19,19,19,19,19,19,20,12,19,19,19,19,19,19,19,19,21,19,19,14,10,2,23,17,23,98,30,16,8,21,33,30,24,121,4,25,3,3,5,3,3,50,38,35,25,9,10,68,97,6,2,5,23,26,19,9,8,33,12,23,18,0,20,0,0,31,4,5,3,2,18,273,4,61,18,11,7,3,9,8,0,13,4,72,4,54,7,0,0,0,9,16,6,10,15,6,21,13,10,3,0,73,0,0,0,130,39,29,0,0,0,0,0,0,0,0,0,20,0,6,0,0,0,0,0,0,0,17,23,50,2,4,13,12,28,4,11,5,35,3,35,0,0,0,0,0,0,0,35,4,0,0,0,0,0,0,0
2018,288,18,39,30,5,11,16,18,21,253,1,37,11,99,31,7,24,53,9,64,14,15,118,47,5,20,27,412,12,21,6,5,18,16,11,22,40,2,45,22,233,32,2,9,6,10,7,14,89,9,19,11,19,26,9,19,4,6,8,17,9,15,19,4,12,67,14,9,13,1,8,669,36,25,7,14,7,6,3,30,7,16,17,23,73,20,9,6,3,45,22,4,14,8,1,2,1,2,4,1,7,109,25,27,23,8,9,5,52,86,100,1,84,37,9,126,2,5,4,1,44,22,2,13,17,19,28,6,6,14,54,2,15,3,7,16,23,28,3,26,19,10,28,70,13,15,6,17,8,1,8,3,9,4,7,5,24,2,86,428,13,6,21,30,20,27,13,4,3,260,39,38,6,7,13,8,5,47,105,7,30,64,32,44,33,9,32,4,13,109,124,25,1,21,22,1,1,42,13,6,3,9,10,3,38,4,47,21,19,31,268,9,19,23,34,11,17,261,144,73,5,43,11,17,104,4,9,14,109,76,84,46,15,9,99,8,22,24,19,7,304,303,7,83,1538,47,487,143,332,18,87,1,1,2,1,3,2,1,259,10,21,9,9,35,4,87,280,5,2,23,28,7,3,23,33,18,37,19,19,19,19,19,19,19,19,19,20,12,19,19,19,19,19,19,19,19,21,19,19,14,10,2,23,17,23,98,30,16,8,25,43,30,33,121,4,32,4,5,8,4,4,68,41,42,31,24,10,68,113,6,2,5,23,71,19,9,8,35,12,23,18,3,30,20,26,31,4,5,3,3,18,284,4,65,18,11,7,3,11,10,8,13,4,72,4,54,7,2,1,25,9,16,6,10,15,6,21,13,10,3,2,73,3,1,0,145,42,29,0,0,0,0,0,0,0,0,0,20,1,7,0,0,0,0,0,0,0,26,32,53,2,4,16,12,37,4,11,7,35,3,44,0,0,23,0,0,0,0,35,4,0,0,0,0,2,0,0
2019,302,18,39,30,5,11,16,18,21,254,1,37,11,116,31,7,24,54,11,74,17,15,130,47,5,20,27,412,12,21,6,5,18,16,11,22,40,2,45,22,233,32,2,9,6,10,7,14,89,9,19,11,19,26,9,19,4,6,8,17,9,15,19,4,12,67,14,9,14,1,8,725,37,25,7,14,7,6,3,30,7,16,17,23,73,20,9,6,3,45,33,4,15,9,1,2,1,2,4,1,8,117,29,30,23,8,9,5,52,86,100,1,92,40,11,126,2,5,4,1,44,22,2,13,17,19,28,6,6,14,54,2,21,3,7,16,23,28,3,26,19,10,28,73,13,15,6,17,8,1,8,3,9,4,7,5,24,2,86,428,13,6,21,30,20,27,13,4,3,260,39,38,6,7,13,8,5,47,105,7,42,64,32,44,33,9,32,4,13,130,137,32,1,21,22,1,1,42,13,6,3,9,10,3,38,4,49,21,19,31,318,9,19,23,34,11,17,261,144,73,5,43,11,17,104,4,9,14,109,76,84,46,15,9,99,8,22,24,19,7,355,349,7,83,1711,47,522,155,332,18,88,1,1,2,1,3,2,1,260,10,21,9,9,35,4,87,280,5,2,23,28,7,3,23,33,18,38,19,19,19,19,19,19,19,19,19,20,12,19,19,19,19,19,19,19,19,21,19,19,14,15,2,23,17,23,98,30,16,8,31,52,30,39,121,4,32,4,5,8,4,4,80,46,42,37,31,10,68,113,6,2,6,23,87,19,9,8,35,12,23,18,3,35,20,26,31,4,5,3,4,18,295,5,65,18,11,7,3,11,13,13,13,4,72,4,54,7,2,7,25,9,16,6,10,15,6,21,13,10,3,2,73,13,41,4,160,46,29,23,12,21,11,3,20,0,13,0,20,4,19,0,0,0,0,0,0,0,27,35,69,3,4,16,13,46,4,11,7,46,3,44,0,1,23,0,0,0,0,35,4,0,13,0,0,2,0,0
2020,316,18,39,30,5,11,16,18,21,261,1,37,11,141,34,7,24,57,11,79,17,15,147,50,6,20,27,412,12,21,6,5,18,16,11,22,40,2,45,22,233,32,2,9,6,10,7,14,89,9,19,11,19,26,9,19,4,6,8,17,9,15,19,4,12,67,14,9,15,1,8,769,38,25,7,14,7,6,3,30,7,16,17,23,73,20,9,6,3,45,39,4,16,10,1,2,1,2,4,1,9,129,30,33,25,8,11,5,52,86,100,1,102,42,13,126,2,5,4,3,44,22,2,13,17,19,28,6,6,14,54,2,21,3,7,16,23,28,3,26,19,10,28,78,13,15,6,17,8,1,8,3,9,4,7,5,24,2,86,428,13,6,21,30,20,27,13,4,3,260,39,38,6,7,13,8,5,47,105,7,53,64,32,44,33,9,32,4,13,139,149,32,1,21,22,1,1,42,13,6,3,9,10,3,38,4,52,21,19,31,365,9,19,23,34,11,17,261,144,73,5,43,11,17,104,4,9,14,109,76,84,46,15,9,99,8,22,24,19,7,413,402,8,83,1862,47,553,169,332,19,92,1,1,2,1,3,2,1,266,10,21,9,9,35,4,87,280,5,2,24,36,7,3,23,33,18,39,19,19,19,19,19,19,19,19,19,20,12,19,19,19,19,19,19,19,19,21,19,19,14,15,2,23,17,23,98,30,16,8,37,65,30,59,121,4,32,4,5,8,4,4,103,49,42,44,42,10,68,113,6,2,7,23,100,19,9,8,35,12,23,18,3,42,20,26,31,4,5,3,5,18,301,5,65,18,11,7,3,12,13,17,13,4,72,4,54,8,2,10,25,9,16,6,10,15,6,21,13,10,3,2,73,13,41,4,171,48,29,23,32,21,12,3,20,9,18,19,20,9,20,22,2,33,19,19,14,4,31,39,77,4,4,16,13,59,4,11,8,54,3,44,4,2,23,0,0,0,0,35,4,0,13,0,4,2,0,0
2021,332,18,39,30,5,11,16,18,21,278,1,37,11,183,34,7,24,58,12,84,18,15,154,50,6,20,27,412,12,21,6,5,18,16,11,22,40,2,45,22,233,32,2,9,6,10,7,14,89,9,19,11,19,26,9,19,4,6,8,17,9,15,19,4,12,67,14,9,16,1,8,805,40,25,7,14,7,6,3,30,7,16,17,23,73,20,9,6,3,45,41,5,17,11,1,2,1,2,4,1,10,135,31,36,28,8,12,5,52,86,100,1,119,43,13,126,2,5,4,4,44,22,2,13,17,19,28,6,6,14,54,2,21,3,7,16,23,28,3,26,19,10,28,83,13,15,6,17,8,1,8,3,9,4,7,5,24,2,86,428,13,6,21,30,20,27,13,4,3,260,39,38,6,7,13,8,5,47,105,7,63,64,32,44,33,9,32,4,13,151,149,32,1,21,22,1,1,42,13,6,3,9,10,3,38,4,53,21,19,31,412,9,19,23,34,11,17,261,144,73,5,43,11,17,104,4,9,14,109,76,84,46,15,9,99,8,22,24,19,7,459,472,8,83,2079,47,586,182,332,19,106,1,1,2,1,3,2,1,266,10,21,9,9,35,4,87,280,5,2,24,40,7,3,23,33,18,39,19,19,19,19,19,19,19,19,19,20,12,19,19,19,19,19,19,19,19,21,19,19,14,15,2,23,17,23,98,30,16,8,45,76,30,75,121,4,32,4,5,8,4,4,129,54,42,51,52,10,68,113,6,2,20,23,117,19,9,8,35,12,23,18,3,48,20,26,31,4,5,3,6,18,306,5,65,18,11,7,3,12,15,19,13,4,72,4,54,8,2,13,25,9,16,6,10,15,6,21,13,10,3,2,73,13,41,4,187,49,29,23,32,21,12,3,20,9,20,19,20,17,24,61,9,79,19,19,26,6,31,53,92,5,4,16,13,70,4,11,9,68,3,44,8,3,23,16,51,16,16,35,4,0,18,0,18,3,0,0
2022,349,18,39,30,5,11,16,18,21,290,1,37,11,231,34,7,24,60,12,86,18,15,156,50,6,20,29,412,12,21,6,5,18,16,11,22,40,2,45,22,233,32,2,9,6,10,7,14,89,9,19,11,19,26,9,19,4,6,8,17,9,15,19,4,12,67,14,9,17,1,8,836,41,25,7,14,7,6,3,30,7,16,17,23,73,20,9,6,3,45,44,5,17,11,1,2,1,2,4,1,10,135,31,42,29,8,16,5,52,86,100,1,132,45,14,126,2,5,4,4,44,22,2,13,17,19,28,6,6,14,54,2,21,3,7,16,23,28,3,26,19,10,28,84,13,15,6,17,8,1,8,3,9,4,7,5,24,2,86,428,13,6,21,30,20,27,13,4,3,260,39,38,6,7,13,8,5,47,105,7,63,64,32,44,33,9,32,4,13,153,149,32,1,21,22,1,1,42,13,6,3,9,10,3,38,4,54,21,19,31,446,9,19,23,34,11,17,261,144,73,5,43,11,17,104,4,9,14,109,76,84,46,15,9,99,8,22,24,19,7,493,498,8,83,2130,47,612,203,332,19,108,1,1,2,1,3,2,1,266,10,21,9,9,35,4,87,280,5,2,24,40,7,3,23,33,18,39,19,19,19,19,19,19,19,19,19,20,12,19,19,19,19,19,19,19,19,21,19,19,14,15,2,23,17,23,98,30,16,8,51,93,30,80,121,4,32,4,5,8,4,4,139,57,42,59,70,10,68,113,6,2,27,23,133,19,9,8,35,12,23,18,3,59,20,26,31,4,5,3,7,18,306,5,65,18,11,7,3,12,15,19,13,4,72,4,54,8,2,13,25,9,16,6,10,15,6,21,13,10,3,2,73,13,41,4,199,49,29,23,32,21,12,3,20,9,20,19,20,17,29,91,9,121,19,19,37,8,31,65,97,5,4,16,13,74,4,12,9,75,3,44,12,3,23,16,51,16,16,35,4,16,23,16,30,5,1,1
